player,salary,position,age,team_id,g,gs,mp_per_g,fg_per_g,fga_per_g,fg_pct,fg3_per_g,fg3a_per_g,fg3_pct,fg2_per_g,fg2a_per_g,fg2_pct,efg_pct,ft_per_g,fta_per_g,ft_pct,orb_per_g,drb_per_g,trb_per_g,ast_per_g,stl_per_g,blk_per_g,tov_per_g,pf_per_g,pts_per_g
Stephen Curry,43006362.0,PG,31,GSW,5,5,27.8,6.6,16.4,0.402,2.4,9.8,0.245,4.2,6.6,0.636,0.476,5.2,5.2,1.0,0.8,4.4,5.2,6.6,1.0,0.4,3.2,2.2,20.8
Russell Westbrook,41358814.0,PG,31,HOU,57,57,35.9,10.6,22.5,0.472,1.0,3.7,0.258,9.6,18.7,0.514,0.493,5.1,6.7,0.763,1.8,6.2,7.9,7.0,1.6,0.4,4.5,3.5,27.2
Chris Paul,41358814.0,PG,34,OKC,70,70,31.5,6.2,12.7,0.489,1.6,4.3,0.365,4.6,8.3,0.5539999999999999,0.552,3.6,4.0,0.907,0.4,4.6,5.0,6.7,1.6,0.2,2.3,2.3,17.6
James Harden,40824000.0,SG,30,HOU,68,68,36.5,9.9,22.3,0.444,4.4,12.4,0.355,5.5,9.9,0.556,0.5429999999999999,10.2,11.8,0.865,1.0,5.5,6.6,7.5,1.8,0.9,4.5,3.3,34.3
LeBron James,39219565.0,PG,35,LAL,67,67,34.6,9.6,19.4,0.493,2.2,6.3,0.348,7.4,13.1,0.564,0.55,3.9,5.7,0.693,1.0,6.9,7.8,10.2,1.2,0.5,3.9,1.8,25.3
Blake Griffin,36595996.0,PF,30,DET,18,18,28.4,4.9,13.9,0.352,1.5,6.2,0.243,3.4,7.7,0.439,0.406,4.2,5.4,0.7759999999999999,0.9,3.7,4.7,3.3,0.4,0.4,2.2,1.5,15.5
Paul George,35450412.0,SF,29,LAC,48,48,29.6,7.1,16.3,0.439,3.3,7.9,0.412,3.9,8.4,0.4639999999999999,0.539,4.0,4.5,0.8759999999999999,0.5,5.2,5.7,3.9,1.4,0.4,2.6,2.4,21.5
Mike Conley,34504132.0,PG,32,UTA,47,41,29.0,4.9,12.1,0.409,2.0,5.4,0.375,2.9,6.6,0.437,0.494,2.4,3.0,0.8270000000000001,0.7,2.5,3.2,4.4,0.8,0.1,2.0,2.2,14.4
Jimmy Butler,34379100.0,SF,30,MIA,58,58,33.8,5.9,13.1,0.455,0.5,2.1,0.244,5.4,11.0,0.495,0.474,7.6,9.1,0.8340000000000001,1.8,4.8,6.7,6.0,1.8,0.6,2.2,1.4,19.9
Kemba Walker,34379100.0,PG,29,BOS,56,56,31.1,6.8,15.9,0.425,3.2,8.4,0.381,3.5,7.4,0.476,0.526,3.7,4.3,0.8640000000000001,0.6,3.2,3.9,4.8,0.9,0.5,2.1,1.6,20.4
Kawhi Leonard,34379100.0,SF,28,LAC,57,57,32.4,9.3,19.9,0.47,2.2,5.7,0.3779999999999999,7.2,14.2,0.506,0.524,6.2,7.1,0.8859999999999999,0.9,6.1,7.1,4.9,1.8,0.6,2.6,2.0,27.1
Tobias Harris,33517241.0,PF,27,PHI,72,72,34.3,7.7,16.3,0.471,1.8,5.0,0.367,5.9,11.3,0.517,0.527,2.4,3.0,0.8059999999999999,1.0,5.9,6.9,3.2,0.7,0.6,1.4,2.3,19.6
Kyrie Irving,33329100.0,PG,27,BRK,20,20,32.9,10.0,20.8,0.478,2.8,7.1,0.3939999999999999,7.2,13.7,0.522,0.546,4.7,5.1,0.922,1.1,4.1,5.2,6.4,1.4,0.5,2.6,2.7,27.4
Khris Middleton,33051724.0,SF,28,MIL,62,59,29.9,7.6,15.3,0.497,2.4,5.7,0.415,5.2,9.6,0.546,0.575,3.4,3.7,0.916,0.7,5.5,6.2,4.3,0.9,0.1,2.2,2.3,20.9
Anthony Davis,32742000.0,PF,26,LAL,62,62,34.4,8.9,17.7,0.503,1.2,3.5,0.33,7.7,14.2,0.546,0.536,7.2,8.5,0.846,2.3,7.0,9.3,3.2,1.5,2.3,2.5,2.5,26.1
Damian Lillard,31626953.0,PG,29,POR,66,66,37.5,9.5,20.4,0.4629999999999999,4.1,10.2,0.401,5.4,10.2,0.524,0.563,7.0,7.8,0.888,0.5,3.8,4.3,8.0,1.1,0.3,2.9,1.7,30.0
Kevin Love,31300000.0,PF,31,CLE,56,56,31.8,5.8,13.0,0.45,2.6,7.0,0.374,3.2,6.0,0.537,0.55,3.3,3.9,0.8540000000000001,1.0,8.8,9.8,3.2,0.6,0.3,2.5,1.6,17.6
Kyle Lowry,30000000.0,PG,33,TOR,58,58,36.2,5.8,13.8,0.416,2.8,8.0,0.352,2.9,5.8,0.504,0.518,5.1,5.9,0.857,0.6,4.5,5.0,7.5,1.4,0.4,3.1,3.3,19.4
Joel Embiid,29542010.0,C,25,PHI,51,51,29.5,7.5,15.7,0.477,1.1,3.4,0.331,6.4,12.3,0.517,0.512,6.9,8.5,0.807,2.8,8.9,11.6,3.0,0.9,1.3,3.1,3.4,23.0
Andrew Wiggins,29542010.0,SF,24,TOT,54,54,34.4,8.1,18.1,0.447,2.1,6.2,0.332,6.0,11.9,0.506,0.504,3.5,5.0,0.7090000000000001,1.2,3.9,5.1,3.7,0.8,1.0,2.4,2.4,21.8
Kristaps Porziņģis,29467800.0,C,24,DAL,57,57,31.8,7.0,16.4,0.427,2.5,7.1,0.352,4.5,9.3,0.484,0.503,4.0,5.0,0.799,1.8,7.7,9.5,1.8,0.7,2.0,1.6,3.2,20.4
Devin Booker,29430000.0,SG,23,PHO,70,70,35.9,9.0,18.3,0.489,2.0,5.7,0.354,6.9,12.6,0.5489999999999999,0.544,6.7,7.3,0.919,0.4,3.8,4.2,6.5,0.7,0.3,3.8,3.0,26.6
Karl-Anthony Towns,29430000.0,C,24,MIN,35,35,33.9,9.0,17.8,0.508,3.3,7.9,0.412,5.8,9.9,0.586,0.6,5.1,6.5,0.7959999999999999,2.7,8.1,10.8,4.4,0.9,1.2,3.1,3.3,26.5
CJ McCollum,29354152.0,SG,28,POR,70,70,36.5,8.7,19.4,0.451,2.8,7.3,0.379,6.0,12.1,0.494,0.522,2.0,2.6,0.757,0.7,3.6,4.2,4.4,0.8,0.6,1.8,2.6,22.2
Ben Simmons,29250000.0,PG,23,PHI,57,57,35.4,6.6,11.4,0.58,0.0,0.1,0.286,6.5,11.2,0.583,0.581,3.2,5.2,0.621,2.0,5.8,7.8,8.0,2.1,0.6,3.5,3.3,16.4
Jamal Murray,29250000.0,PG,22,DEN,59,59,32.3,6.9,15.2,0.456,1.9,5.5,0.346,5.0,9.7,0.519,0.519,2.8,3.1,0.8809999999999999,0.8,3.2,4.0,4.8,1.1,0.3,2.2,1.7,18.5
Pascal Siakam,29000000.0,PF,25,TOR,60,60,35.2,8.3,18.4,0.4529999999999999,2.2,6.1,0.359,6.2,12.3,0.499,0.512,4.0,5.1,0.792,1.1,6.3,7.3,3.5,1.0,0.9,2.5,2.8,22.9
Bradley Beal,28751775.0,SG,26,WAS,57,57,36.0,10.4,22.9,0.455,3.0,8.4,0.353,7.4,14.4,0.515,0.52,6.8,8.0,0.8420000000000001,0.9,3.3,4.2,6.1,1.2,0.4,3.4,2.2,30.5
Andre Drummond,28751775.0,C,26,TOT,57,56,33.0,7.3,13.8,0.5329999999999999,0.1,0.6,0.143,7.2,13.1,0.551,0.536,3.0,5.2,0.575,4.4,10.8,15.2,2.7,1.9,1.6,3.6,3.5,17.7
D'Angelo Russell,28649250.0,PG,23,TOT,45,45,32.3,8.0,18.8,0.426,3.5,9.6,0.367,4.5,9.2,0.487,0.519,3.6,4.4,0.809,0.4,3.6,3.9,6.3,1.1,0.3,3.3,1.9,23.1
Nikola Jokić,28542009.0,C,24,DEN,73,73,32.0,7.7,14.7,0.528,1.1,3.5,0.314,6.6,11.2,0.594,0.565,3.4,4.1,0.8170000000000001,2.3,7.5,9.7,7.0,1.2,0.6,3.1,3.0,19.9
Gordon Hayward,28500000.0,SF,29,BOS,52,52,33.5,6.7,13.5,0.5,1.6,4.3,0.3829999999999999,5.1,9.2,0.5539999999999999,0.561,2.4,2.8,0.855,1.1,5.6,6.7,4.1,0.7,0.4,1.8,1.8,17.5
Otto Porter,28489239.0,SF,26,CHI,14,9,23.6,4.4,10.0,0.4429999999999999,1.7,4.4,0.387,2.7,5.6,0.487,0.529,1.4,1.9,0.7040000000000001,0.9,2.5,3.4,1.8,1.1,0.4,0.8,2.2,11.9
DeMar DeRozan,27739975.0,SF,30,SAS,68,68,34.1,8.2,15.4,0.531,0.1,0.5,0.257,8.1,14.9,0.54,0.535,5.6,6.6,0.845,0.6,4.9,5.5,5.6,1.0,0.3,2.4,2.6,22.1
Giannis Antetokounmpo,27528090.0,PF,25,MIL,63,63,30.4,10.9,19.7,0.5529999999999999,1.4,4.7,0.304,9.5,15.0,0.631,0.589,6.3,10.0,0.633,2.2,11.4,13.6,5.6,1.0,1.0,3.7,3.1,29.5
Steven Adams,27528090.0,C,26,OKC,63,63,26.7,4.5,7.6,0.5920000000000001,0.0,0.0,0.3329999999999999,4.5,7.5,0.594,0.593,1.9,3.2,0.5820000000000001,3.3,6.0,9.3,2.3,0.8,1.1,1.5,1.9,10.9
Al Horford,27500000.0,C,33,PHI,67,61,30.2,4.8,10.6,0.45,1.5,4.2,0.35,3.3,6.4,0.516,0.52,0.9,1.2,0.763,1.5,5.3,6.8,4.0,0.8,0.9,1.2,2.1,11.9
Nicolas Batum,29695187.0,SF,31,CHO,22,3,23.0,1.3,3.7,0.346,0.6,2.2,0.286,0.6,1.5,0.4379999999999999,0.432,0.4,0.5,0.9,1.1,3.4,4.5,3.0,0.8,0.4,1.0,1.9,3.6
Nicolas Batum,29695187.0,SF,31,CHO,22,3,23.0,1.3,3.7,0.346,0.6,2.2,0.286,0.6,1.5,0.4379999999999999,0.432,0.4,0.5,0.9,1.1,3.4,4.5,3.0,0.8,0.4,1.0,1.9,3.6
Rudy Gobert,26525281.0,C,27,UTA,68,68,34.3,5.7,8.2,0.693,0.0,0.0,0.0,5.7,8.2,0.693,0.693,3.7,5.9,0.63,3.4,10.1,13.5,1.5,0.8,2.0,1.9,3.2,15.1
Jrue Holiday,26131111.0,SG,29,NOP,61,61,34.7,7.5,16.5,0.455,2.0,5.7,0.353,5.5,10.8,0.509,0.516,2.1,3.0,0.7090000000000001,1.3,3.5,4.8,6.7,1.6,0.8,3.0,2.4,19.1
Nikola Vučević,26000000.0,C,29,ORL,62,62,32.2,8.0,16.7,0.477,1.6,4.7,0.3389999999999999,6.4,12.0,0.531,0.525,2.1,2.7,0.784,2.3,8.6,10.9,3.6,0.9,0.8,1.4,2.2,19.6
Buddy Hield,24431818.0,SG,27,SAC,72,44,30.8,6.9,16.1,0.429,3.8,9.6,0.3939999999999999,3.2,6.6,0.479,0.545,1.6,1.9,0.846,0.8,3.8,4.6,3.0,0.9,0.2,2.3,2.3,19.2
LaMarcus Aldridge,24000000.0,C,34,SAS,53,53,33.1,7.4,15.0,0.493,1.2,3.0,0.389,6.2,12.0,0.519,0.532,3.0,3.6,0.8270000000000001,1.9,5.5,7.4,2.4,0.7,1.6,1.4,2.4,18.9
Jaylen Brown,22991071.0,SG,23,BOS,57,57,33.9,7.5,15.6,0.481,2.3,5.9,0.382,5.2,9.6,0.5429999999999999,0.5539999999999999,3.1,4.3,0.7240000000000001,1.1,5.3,6.4,2.1,1.1,0.4,2.2,2.9,20.3
Draymond Green,22246956.0,PF,29,GSW,43,43,28.4,2.9,7.3,0.389,0.8,3.0,0.2789999999999999,2.0,4.3,0.465,0.446,1.5,1.9,0.759,0.5,5.7,6.2,6.2,1.4,0.8,2.3,2.6,8.0
Harrison Barnes,22215909.0,PF,27,SAC,72,72,34.5,5.1,11.0,0.46,1.4,3.7,0.381,3.7,7.3,0.501,0.525,3.0,3.7,0.8009999999999999,1.1,3.9,4.9,2.2,0.6,0.2,1.2,1.3,14.5
Fred VanVleet,21250000.0,SG,25,TOR,54,54,35.7,5.9,14.3,0.413,2.7,6.9,0.39,3.2,7.4,0.434,0.507,3.1,3.7,0.848,0.3,3.4,3.8,6.6,1.9,0.3,2.2,2.4,17.6
Victor Oladipo,21000000.0,SG,27,IND,19,16,27.8,5.1,12.9,0.3939999999999999,1.7,5.5,0.317,3.4,7.5,0.451,0.461,2.5,3.1,0.8140000000000001,0.5,3.5,3.9,2.9,0.9,0.2,2.5,1.9,14.5
Malcolm Brogdon,20700000.0,PG,27,IND,54,54,30.9,6.0,13.8,0.4379999999999999,1.4,4.3,0.326,4.6,9.5,0.488,0.489,3.1,3.4,0.892,0.9,4.0,4.9,7.1,0.6,0.2,2.4,1.8,16.5
Danilo Gallinari,19500000.0,PF,31,OKC,62,62,29.6,5.8,13.2,0.4379999999999999,2.9,7.1,0.405,2.9,6.1,0.476,0.547,4.3,4.8,0.893,0.5,4.6,5.2,1.9,0.7,0.1,1.2,1.2,18.7
Zach LaVine,19500000.0,SG,24,CHI,60,60,34.8,9.0,20.0,0.45,3.1,8.1,0.38,5.9,11.9,0.497,0.526,4.5,5.6,0.802,0.7,4.1,4.8,4.2,1.5,0.5,3.4,2.2,25.5
Gary Harris,19160714.0,SG,25,DEN,56,55,31.8,3.9,9.3,0.42,1.3,3.8,0.3329999999999999,2.6,5.5,0.479,0.487,1.3,1.6,0.815,0.5,2.4,2.9,2.1,1.4,0.3,1.1,2.1,10.4
Jerami Grant,19047619.0,PF,25,DEN,71,24,26.6,4.3,8.9,0.478,1.4,3.5,0.389,2.9,5.4,0.537,0.555,2.1,2.8,0.75,0.8,2.7,3.5,1.2,0.7,0.8,0.9,2.2,12.0
Tim Hardaway Jr.,18975000.0,SG,27,DAL,71,58,29.5,5.4,12.5,0.434,2.9,7.2,0.3979999999999999,2.5,5.2,0.485,0.55,2.1,2.6,0.8190000000000001,0.4,2.9,3.3,1.9,0.6,0.1,1.0,1.8,15.8
Terry Rozier,18900000.0,PG,25,CHO,63,63,34.3,6.3,14.9,0.423,2.7,6.7,0.407,3.6,8.2,0.436,0.514,2.6,3.0,0.8740000000000001,0.8,3.6,4.4,4.1,1.0,0.2,2.2,2.0,18.0
Julius Randle,18900000.0,PF,25,NYK,64,64,32.5,7.2,15.7,0.46,1.0,3.6,0.2769999999999999,6.2,12.1,0.515,0.492,4.0,5.5,0.733,2.4,7.4,9.7,3.1,0.8,0.3,3.0,2.8,19.5
Aaron Gordon,18136364.0,PF,24,ORL,62,62,32.5,5.4,12.4,0.437,1.2,3.8,0.308,4.2,8.5,0.494,0.484,2.4,3.6,0.674,1.7,5.9,7.7,3.7,0.8,0.6,1.6,2.0,14.4
Myles Turner,18000000.0,C,23,IND,62,62,29.5,4.3,9.5,0.457,1.4,4.0,0.344,2.9,5.4,0.54,0.53,2.0,2.7,0.7509999999999999,1.4,5.2,6.6,1.2,0.7,2.1,1.4,2.7,12.1
Bogdan Bogdanović,18000000.0,SG,27,SAC,61,28,29.0,5.5,12.6,0.44,2.7,7.2,0.372,2.8,5.3,0.532,0.547,1.4,1.9,0.741,0.4,3.0,3.4,3.4,1.0,0.2,1.7,2.2,15.1
Goran Dragić,18000000.0,PG,33,MIA,59,3,28.2,5.4,12.3,0.441,2.1,5.7,0.367,3.3,6.5,0.505,0.526,3.2,4.2,0.7759999999999999,0.5,2.7,3.2,5.1,0.7,0.2,2.4,2.1,16.2
Bojan Bogdanović,17850000.0,SF,30,UTA,63,63,33.1,6.6,14.8,0.447,3.0,7.3,0.414,3.6,7.6,0.479,0.5479999999999999,4.0,4.4,0.903,0.6,3.5,4.1,2.1,0.5,0.1,2.5,1.7,20.2
Gorgui Dieng,17287640.0,C,30,TOT,63,17,17.4,2.6,5.8,0.456,0.9,2.4,0.355,1.8,3.4,0.528,0.53,1.2,1.6,0.772,1.4,4.2,5.6,1.2,0.8,0.9,1.0,2.0,7.4
Domantas Sabonis,17187500.0,PF,23,IND,62,62,34.8,7.4,13.7,0.54,0.3,1.1,0.254,7.1,12.6,0.565,0.55,3.5,4.8,0.723,3.0,9.4,12.4,5.0,0.8,0.5,2.7,3.1,18.5
Ricky Rubio,17000000.0,PG,29,PHO,65,65,31.0,4.4,10.6,0.415,1.2,3.3,0.361,3.2,7.3,0.439,0.471,3.0,3.5,0.863,0.7,4.0,4.7,8.8,1.4,0.2,2.7,2.6,13.0
Evan Fournier,17000000.0,SF,27,ORL,66,66,31.5,6.6,14.1,0.467,2.6,6.6,0.3989999999999999,4.0,7.5,0.527,0.56,2.7,3.3,0.818,0.3,2.3,2.6,3.2,1.1,0.2,1.9,2.4,18.5
Eric Bledsoe,16875000.0,PG,30,MIL,61,61,27.0,5.5,11.5,0.475,1.2,3.5,0.344,4.3,8.0,0.5329999999999999,0.528,2.8,3.5,0.79,0.7,3.9,4.6,5.4,0.9,0.4,2.4,2.1,14.9
Eric Gordon,16869276.0,SF,31,HOU,36,15,28.2,4.8,12.9,0.369,2.7,8.4,0.317,2.1,4.4,0.469,0.473,2.3,3.0,0.7659999999999999,0.3,1.7,2.0,1.5,0.6,0.4,1.2,1.9,14.4
Caris LeVert,16203704.0,SG,25,BRK,45,31,29.6,6.9,16.3,0.425,1.8,4.9,0.364,5.1,11.4,0.451,0.48,3.1,4.4,0.711,1.1,3.1,4.2,4.4,1.2,0.2,2.6,1.8,18.7
Joe Harris,16071429.0,SF,28,BRK,69,69,30.8,5.5,11.4,0.486,2.5,5.9,0.424,3.0,5.5,0.5529999999999999,0.596,0.9,1.3,0.7190000000000001,0.9,3.4,4.3,2.1,0.6,0.2,1.5,2.3,14.5
James Johnson,16047100.0,PF-C,32,TOT,32,1,19.3,3.2,6.7,0.479,1.0,2.8,0.363,2.2,3.9,0.565,0.556,1.0,1.5,0.6459999999999999,0.8,2.9,3.7,2.3,0.8,1.0,1.5,2.5,8.4
Clint Capela,16000000.0,C,25,HOU,39,39,32.8,6.3,9.9,0.629,0.0,0.0,0.0,6.3,9.9,0.629,0.629,1.4,2.7,0.529,4.3,9.5,13.8,1.2,0.8,1.8,1.6,2.6,13.9
Dennis Schröder,15500000.0,PG,26,OKC,65,2,30.8,7.0,14.8,0.469,1.9,5.0,0.385,5.0,9.8,0.513,0.534,3.0,3.6,0.8390000000000001,0.3,3.3,3.6,4.0,0.7,0.2,2.6,2.2,18.9
Cody Zeller,15415730.0,C,27,CHO,58,39,23.1,4.3,8.3,0.524,0.3,1.3,0.24,4.0,7.0,0.5770000000000001,0.5429999999999999,2.1,3.1,0.682,2.8,4.3,7.1,1.5,0.7,0.4,1.3,2.4,11.1
Danny Green,15365854.0,SG,32,LAL,68,68,24.8,2.9,7.0,0.416,1.8,4.8,0.367,1.1,2.2,0.524,0.542,0.5,0.7,0.688,0.8,2.6,3.3,1.3,1.3,0.5,0.9,2.0,8.0
Jonas Valančiūnas,15000000.0,C,27,MEM,70,70,26.4,6.2,10.6,0.585,0.5,1.3,0.352,5.7,9.3,0.617,0.606,2.1,2.9,0.74,3.0,8.2,11.3,1.9,0.4,1.1,1.8,2.6,14.9
Andre Iguodala,15000000.0,SF,36,MIA,21,0,19.9,1.8,4.2,0.432,0.7,2.2,0.298,1.1,2.0,0.585,0.511,0.3,0.7,0.4,0.8,2.9,3.7,2.4,0.7,1.0,1.2,1.7,4.6
Marcus Morris,14883721.0,SF-PF,30,TOT,62,62,31.2,5.7,13.1,0.4379999999999999,2.3,5.6,0.408,3.4,7.5,0.461,0.526,2.9,3.5,0.823,1.0,4.1,5.0,1.4,0.8,0.5,1.6,2.9,16.7
Kelly Oubre Jr.,14375000.0,SF,24,PHO,56,55,34.5,6.7,14.8,0.452,1.9,5.5,0.352,4.7,9.3,0.511,0.517,3.4,4.4,0.78,1.2,5.3,6.4,1.5,1.3,0.7,1.5,3.4,18.7
Dejounte Murray,14285714.0,PG,23,SAS,66,58,25.6,4.5,9.7,0.462,0.6,1.7,0.369,3.8,8.0,0.481,0.494,1.4,1.7,0.7979999999999999,1.0,4.8,5.8,4.1,1.7,0.3,1.9,2.2,10.9
Rudy Gay,14000000.0,PF,33,SAS,67,5,21.8,4.0,8.9,0.446,1.1,3.3,0.336,2.9,5.6,0.511,0.508,1.8,2.0,0.882,0.9,4.5,5.4,1.7,0.5,0.5,1.3,1.5,10.8
Taurean Prince,13942308.0,PF,25,BRK,64,61,29.0,4.3,11.5,0.376,2.3,6.7,0.3389999999999999,2.1,4.8,0.429,0.475,1.1,1.4,0.7979999999999999,0.8,5.2,6.0,1.8,0.9,0.4,2.0,2.5,12.1
Will Barton,13920000.0,SF,29,DEN,58,58,33.0,5.7,12.7,0.45,1.9,5.0,0.375,3.9,7.8,0.498,0.523,1.8,2.3,0.767,1.3,5.0,6.3,3.7,1.1,0.5,1.5,2.1,15.1
Dāvis Bertāns,13793103.0,PF,27,WAS,54,4,29.3,4.9,11.3,0.434,3.7,8.7,0.424,1.2,2.6,0.471,0.598,1.9,2.3,0.852,0.6,3.9,4.5,1.7,0.7,0.6,1.1,2.6,15.4
Thaddeus Young,13545000.0,PF,31,CHI,64,16,24.9,4.2,9.4,0.4479999999999999,1.2,3.5,0.356,3.0,5.9,0.501,0.513,0.7,1.1,0.583,1.5,3.5,4.9,1.8,1.4,0.4,1.6,2.1,10.3
Terrence Ross,13500000.0,SG,28,ORL,69,0,27.4,4.9,12.3,0.4029999999999999,2.6,7.3,0.351,2.4,5.0,0.48,0.508,2.3,2.7,0.853,0.2,3.0,3.2,1.2,1.1,0.3,1.0,1.6,14.7
Marcus Smart,13446428.0,SG,25,BOS,60,40,32.0,4.3,11.4,0.375,2.3,6.6,0.347,2.0,4.8,0.415,0.476,2.1,2.5,0.836,0.7,3.1,3.8,4.9,1.7,0.5,1.7,2.7,12.9
Patrick Beverley,13333333.0,PG,31,LAC,51,50,26.3,2.9,6.7,0.431,1.6,4.0,0.3879999999999999,1.3,2.6,0.496,0.5479999999999999,0.6,0.9,0.66,1.1,4.1,5.2,3.6,1.1,0.5,1.3,3.1,7.9
Malik Beasley,13325895.0,SG,23,TOT,55,14,22.0,4.1,9.7,0.425,1.9,5.0,0.3879999999999999,2.2,4.7,0.465,0.525,1.0,1.2,0.818,0.3,2.4,2.7,1.4,0.7,0.1,1.0,1.4,11.2
Patty Mills,13285714.0,PG,31,SAS,66,1,22.5,3.9,9.1,0.431,2.3,6.1,0.382,1.6,3.0,0.5329999999999999,0.56,1.5,1.7,0.866,0.3,1.3,1.6,1.8,0.8,0.1,0.8,1.6,11.6
Christian Wood,13015874.0,PF,24,DET,62,12,21.4,4.6,8.2,0.5670000000000001,0.9,2.3,0.386,3.8,5.9,0.636,0.62,2.9,3.9,0.7440000000000001,1.7,4.6,6.3,1.0,0.5,0.9,1.4,1.6,13.1
J.J. Redick,13013700.0,SG,35,NOP,60,36,26.4,4.8,10.5,0.4529999999999999,3.0,6.6,0.4529999999999999,1.8,3.9,0.4529999999999999,0.596,2.8,3.1,0.892,0.2,2.4,2.5,2.0,0.3,0.2,1.3,1.6,15.3
Justise Winslow,13000000.0,SG,23,MIA,11,5,32.0,4.5,11.7,0.3879999999999999,0.5,2.5,0.222,4.0,9.3,0.431,0.411,1.6,2.5,0.667,1.5,5.2,6.6,4.0,0.6,0.5,2.2,3.5,11.3
Trevor Ariza,12800000.0,SF,34,TOT,53,21,28.2,2.7,6.1,0.4379999999999999,1.5,3.9,0.372,1.2,2.2,0.556,0.557,1.2,1.4,0.838,0.6,4.0,4.6,1.7,1.3,0.3,1.1,2.1,8.0
Brook Lopez,12697675.0,C,31,MIL,68,67,26.7,4.3,9.9,0.435,1.5,4.8,0.314,2.8,5.1,0.5489999999999999,0.511,1.9,2.2,0.836,0.9,3.7,4.6,1.5,0.7,2.4,1.0,2.4,12.0
Dion Waiters,12650000.0,SG,28,TOT,10,0,20.7,4.1,9.9,0.414,1.5,4.7,0.319,2.6,5.2,0.5,0.49,1.4,1.7,0.8240000000000001,0.2,2.2,2.4,2.0,0.4,0.6,1.6,2.1,11.1
Cory Joseph,12600000.0,PG,28,SAC,72,26,24.4,2.4,5.7,0.415,0.8,2.2,0.352,1.6,3.5,0.455,0.483,0.8,1.0,0.857,0.6,2.0,2.6,3.5,0.7,0.3,1.1,1.8,6.4
Markelle Fultz,12288697.0,PG,21,ORL,72,60,27.7,5.0,10.7,0.465,0.5,1.9,0.267,4.5,8.8,0.507,0.488,1.6,2.2,0.73,0.6,2.7,3.3,5.1,1.3,0.2,2.0,2.0,12.1
Kelly Olynyk,12198243.0,C,28,MIA,67,9,19.4,2.7,5.9,0.462,1.4,3.5,0.406,1.3,2.4,0.5429999999999999,0.5820000000000001,1.3,1.5,0.86,0.7,3.9,4.6,1.7,0.7,0.3,1.1,2.6,8.2
Tony Snell,12178571.0,SF,28,DET,59,57,27.8,2.9,6.5,0.445,1.7,4.3,0.402,1.2,2.2,0.531,0.579,0.5,0.5,1.0,0.2,1.7,1.9,2.2,0.5,0.3,0.5,1.7,8.0
Robert Covington,12138345.0,PF-C,29,TOT,70,68,30.5,4.4,10.3,0.422,2.3,6.9,0.335,2.1,3.5,0.593,0.5329999999999999,1.4,1.8,0.7979999999999999,0.9,5.7,6.6,1.3,1.6,1.3,1.5,3.1,12.4
Kentavious Caldwell-Pope,12073020.0,SG,26,LAL,69,26,25.5,3.4,7.3,0.467,1.3,3.5,0.385,2.1,3.9,0.541,0.5579999999999999,1.1,1.5,0.775,0.6,1.5,2.1,1.6,0.8,0.2,0.9,1.9,9.3
Jusuf Nurkić,12000000.0,C,25,POR,8,8,31.6,6.8,13.6,0.495,0.3,1.3,0.2,6.5,12.4,0.525,0.505,3.9,4.4,0.8859999999999999,2.9,7.4,10.3,4.0,1.4,2.0,2.4,4.9,17.6
T.J. Warren,11750000.0,SF,26,IND,67,67,32.9,8.0,14.9,0.536,1.4,3.4,0.4029999999999999,6.6,11.5,0.575,0.581,2.5,3.0,0.8190000000000001,1.0,3.2,4.2,1.5,1.2,0.5,1.3,2.8,19.8
Larry Nance Jr.,11709091.0,PF,27,CLE,56,10,26.3,4.1,7.7,0.531,1.0,2.8,0.352,3.1,4.9,0.636,0.596,0.9,1.3,0.6759999999999999,1.9,5.4,7.3,2.2,1.0,0.4,1.1,1.6,10.1
Jordan Clarkson,11500000.0,SG,27,TOT,71,2,24.0,5.5,12.2,0.4539999999999999,2.1,5.8,0.368,3.4,6.4,0.5329999999999999,0.542,1.9,2.3,0.836,0.7,1.9,2.6,1.9,0.6,0.2,1.4,1.5,15.2
Spencer Dinwiddie,11454048.0,PG,26,BRK,64,49,31.2,6.6,16.0,0.415,1.9,6.3,0.308,4.7,9.7,0.485,0.476,5.4,7.0,0.778,0.5,3.0,3.5,6.8,0.6,0.3,2.7,2.8,20.6
Dillon Brooks,11400000.0,SG,24,MEM,73,73,28.9,6.0,14.6,0.407,2.0,5.6,0.358,3.9,9.0,0.4379999999999999,0.476,2.2,2.8,0.8079999999999999,0.9,2.4,3.3,2.1,0.9,0.4,1.7,3.8,16.2
Lonzo Ball,11003782.0,PG,22,NOP,63,54,32.1,4.4,10.9,0.4029999999999999,2.3,6.3,0.375,2.0,4.6,0.442,0.511,0.7,1.2,0.5660000000000001,1.1,5.0,6.1,7.0,1.4,0.6,3.1,2.0,11.8
Norman Powell,10865952.0,SG,26,TOR,52,26,28.4,5.7,11.5,0.495,2.1,5.3,0.3989999999999999,3.6,6.3,0.575,0.586,2.5,2.9,0.843,0.5,3.2,3.7,1.8,1.2,0.4,1.5,2.1,16.0
Joe Ingles,10863637.0,PF,32,UTA,72,45,29.7,3.4,7.7,0.445,2.0,4.9,0.3989999999999999,1.5,2.8,0.525,0.5720000000000001,1.0,1.3,0.787,0.4,3.5,3.9,5.2,0.9,0.2,2.0,2.1,9.8
Josh Richardson,10800000.0,SG,26,PHI,55,53,30.8,5.1,11.7,0.43,1.5,4.5,0.341,3.5,7.2,0.486,0.496,2.1,2.6,0.809,0.7,2.4,3.2,2.9,0.9,0.7,1.9,2.5,13.7
Jeremy Lamb,10500000.0,SG,27,IND,46,42,28.1,4.7,10.4,0.451,1.2,3.4,0.335,3.5,7.0,0.508,0.506,2.0,2.4,0.836,0.5,3.8,4.3,2.1,1.2,0.5,1.1,2.3,12.5
DeAndre Jordan,10375678.0,C,31,BRK,56,6,22.0,3.4,5.1,0.6659999999999999,0.0,0.0,0.0,3.4,5.1,0.6659999999999999,0.6659999999999999,1.5,2.2,0.68,2.5,7.5,10.0,1.9,0.3,0.9,1.3,2.0,8.3
Zion Williamson,10245480.0,PF,19,NOP,24,24,27.8,8.8,15.0,0.583,0.3,0.6,0.429,8.5,14.4,0.59,0.5920000000000001,4.8,7.4,0.64,2.7,3.6,6.3,2.1,0.7,0.4,2.5,1.8,22.5
Dwight Powell,10185185.0,C,28,DAL,40,37,26.5,3.7,5.7,0.638,0.3,1.0,0.256,3.4,4.8,0.716,0.659,1.9,2.8,0.667,1.9,3.8,5.7,1.5,0.9,0.6,0.9,2.6,9.4
Rodney Hood,10047450.0,SF,27,POR,21,21,29.5,4.1,8.2,0.506,1.7,3.4,0.493,2.5,4.8,0.515,0.608,1.0,1.3,0.778,0.5,3.0,3.4,1.5,0.8,0.2,0.9,2.2,11.0
Deandre Ayton,10018200.0,C,21,PHO,38,32,32.5,8.2,14.9,0.546,0.1,0.3,0.231,8.1,14.6,0.5529999999999999,0.5479999999999999,1.8,2.3,0.753,3.9,7.6,11.5,1.9,0.7,1.5,2.1,3.1,18.2
Tomáš Satoranský,10000000.0,SG,28,CHI,65,64,28.9,3.6,8.5,0.43,1.0,3.1,0.322,2.7,5.4,0.491,0.488,1.6,1.9,0.8759999999999999,1.2,2.7,3.9,5.4,1.2,0.1,2.0,2.1,9.9
Paul Millsap,10000000.0,PF,34,DEN,51,48,24.3,4.1,8.6,0.482,1.1,2.4,0.435,3.1,6.2,0.5,0.5429999999999999,2.3,2.8,0.816,1.9,3.8,5.7,1.6,0.9,0.6,1.4,2.9,11.6
Jayson Tatum,9897120.0,PF,21,BOS,66,66,34.3,8.4,18.6,0.45,2.9,7.1,0.4029999999999999,5.5,11.5,0.48,0.527,3.8,4.7,0.812,1.0,6.0,7.0,3.0,1.4,0.9,2.3,2.1,23.4
Meyers Leonard,9756098.0,C,27,MIA,51,49,20.3,2.3,4.6,0.509,1.0,2.5,0.414,1.3,2.1,0.623,0.622,0.4,0.5,0.643,0.6,4.5,5.1,1.1,0.3,0.3,0.8,2.1,6.1
Al-Farouq Aminu,9720900.0,PF,29,ORL,18,2,21.1,1.4,4.8,0.291,0.5,2.0,0.25,0.9,2.8,0.32,0.3429999999999999,1.1,1.6,0.655,1.3,3.5,4.8,1.2,1.0,0.4,0.9,1.5,4.3
Dante Exum,9600000.0,SG,24,TOT,35,1,13.9,1.6,3.4,0.471,0.4,1.2,0.349,1.2,2.2,0.539,0.534,0.9,1.2,0.7440000000000001,0.3,1.6,1.9,1.1,0.4,0.2,0.9,1.1,4.5
George Hill,9590602.0,PG,33,MIL,59,2,21.5,3.3,6.4,0.516,1.4,3.0,0.46,1.9,3.4,0.565,0.624,1.4,1.7,0.8420000000000001,0.8,2.2,3.0,3.1,0.8,0.1,1.0,1.4,9.4
Kyle Anderson,9505100.0,SF,26,MEM,67,28,19.9,2.3,4.9,0.474,0.4,1.3,0.282,2.0,3.7,0.541,0.511,0.8,1.2,0.667,0.9,3.4,4.3,2.4,0.8,0.6,1.0,1.7,5.8
Derrick Jones Jr.,9268293.0,SF,22,MIA,59,16,23.3,3.1,5.9,0.527,0.6,2.2,0.28,2.5,3.7,0.677,0.58,1.6,2.1,0.772,1.1,2.8,3.9,1.1,1.0,0.6,0.5,2.2,8.5
Jae Crowder,9258000.0,SF-PF,29,TOT,65,53,28.8,3.5,8.7,0.401,2.1,6.1,0.3429999999999999,1.4,2.6,0.5379999999999999,0.521,1.5,1.9,0.7759999999999999,0.8,5.1,5.9,2.5,1.1,0.4,1.1,2.2,10.5
Derrick Favors,9258000.0,C,28,NOP,51,49,24.4,4.1,6.6,0.617,0.0,0.1,0.143,4.1,6.5,0.627,0.618,0.8,1.4,0.563,3.2,6.6,9.8,1.6,0.6,0.9,1.1,2.1,9.0
Montrezl Harrell,9258000.0,C,26,LAC,63,2,27.8,7.5,12.9,0.58,0.0,0.3,0.0,7.5,12.6,0.593,0.58,3.7,5.6,0.6579999999999999,2.6,4.5,7.1,1.7,0.6,1.1,1.7,2.3,18.6
Tristan Thompson,9258000.0,PF,28,CLE,57,51,30.2,5.1,9.9,0.512,0.2,0.4,0.391,4.9,9.5,0.518,0.52,1.7,2.8,0.615,4.0,6.2,10.1,2.1,0.6,0.9,1.8,2.2,12.0
Serge Ibaka,9258000.0,C,30,TOR,55,27,27.0,6.2,12.2,0.512,1.3,3.3,0.385,5.0,8.9,0.5589999999999999,0.564,1.6,2.3,0.718,2.1,6.1,8.2,1.4,0.5,0.8,2.0,2.8,15.4
Ja Morant,9166800.0,PG,20,MEM,67,67,31.0,6.7,14.0,0.477,0.9,2.7,0.335,5.8,11.3,0.511,0.509,3.6,4.6,0.7759999999999999,0.8,3.1,3.9,7.3,0.9,0.3,3.3,1.6,17.8
Delon Wright,9000000.0,PG,27,DAL,73,5,21.5,2.6,5.6,0.462,0.6,1.7,0.37,2.0,3.9,0.504,0.519,1.1,1.4,0.77,1.0,2.9,3.8,3.3,1.2,0.3,1.0,1.3,6.9
Marvin Bagley III,8963640.0,C,20,SAC,13,6,25.7,6.0,12.8,0.467,0.3,1.7,0.182,5.7,11.2,0.51,0.479,1.9,2.4,0.8059999999999999,2.2,5.2,7.5,0.8,0.5,0.9,1.4,3.3,14.2
Cedi Osman,8750000.0,SF,24,CLE,65,65,29.4,4.1,9.4,0.437,1.9,4.9,0.3829999999999999,2.2,4.4,0.497,0.5379999999999999,1.0,1.4,0.67,0.6,3.0,3.6,2.4,0.8,0.2,1.4,2.5,11.0
Dario Šarić,8333333.0,PF,25,PHO,66,51,24.7,3.9,8.2,0.476,1.3,3.6,0.357,2.6,4.6,0.568,0.5539999999999999,1.6,1.9,0.8440000000000001,1.5,4.6,6.2,1.9,0.6,0.2,1.3,2.4,10.7
Thomas Bryant,8333333.0,C,22,WAS,46,36,24.9,5.3,9.1,0.581,0.8,2.0,0.407,4.5,7.1,0.63,0.626,1.9,2.5,0.741,2.1,5.1,7.2,1.8,0.5,1.1,1.2,2.2,13.2
Maxi Kleber,8250000.0,PF,28,DAL,74,21,25.5,3.2,6.9,0.461,1.6,4.3,0.373,1.6,2.6,0.605,0.5770000000000001,1.1,1.3,0.8490000000000001,1.5,3.7,5.2,1.2,0.3,1.1,0.8,2.4,9.1
RJ Barrett,8231760.0,SG,19,NYK,56,55,30.4,5.2,13.0,0.402,1.1,3.5,0.32,4.1,9.5,0.432,0.445,2.8,4.5,0.614,0.9,4.1,5.0,2.6,1.0,0.3,2.2,2.2,14.3
Jakob Poeltl,8101852.0,C,24,SAS,66,18,17.7,2.5,4.0,0.624,0.0,0.0,0.0,2.5,4.0,0.624,0.624,0.6,1.3,0.465,2.0,3.7,5.7,1.8,0.6,1.4,0.8,1.9,5.6
De'Aaron Fox,8099627.0,PG,22,SAC,51,49,32.0,7.7,16.0,0.48,1.1,3.6,0.292,6.6,12.4,0.535,0.513,4.7,6.7,0.705,0.7,3.2,3.8,6.8,1.5,0.5,3.1,2.8,21.1
Luka Dončić,8049360.0,PG,20,DAL,61,61,33.6,9.5,20.6,0.4629999999999999,2.8,8.9,0.316,6.7,11.7,0.574,0.531,7.0,9.2,0.758,1.3,8.1,9.4,8.8,1.0,0.2,4.3,2.5,28.8
Royce O'Neale,8035714.0,SF,26,UTA,71,62,28.9,2.2,5.1,0.433,1.3,3.4,0.377,0.9,1.7,0.545,0.5589999999999999,0.6,0.8,0.764,0.4,5.1,5.5,2.5,0.8,0.5,0.9,2.8,6.3
Mason Plumlee,8000000.0,C,29,DEN,61,1,17.3,2.9,4.7,0.615,0.0,0.1,0.0,2.9,4.6,0.625,0.615,1.4,2.5,0.535,1.6,3.6,5.2,2.5,0.5,0.6,1.3,2.3,7.2
Lou Williams,8000000.0,PG,33,LAC,65,8,28.7,6.0,14.4,0.418,1.7,4.8,0.352,4.3,9.6,0.451,0.477,4.5,5.2,0.861,0.5,2.6,3.1,5.6,0.7,0.2,2.8,1.2,18.2
P.J. Tucker,7969537.0,PF,34,HOU,72,72,34.3,2.5,5.9,0.415,1.5,4.2,0.358,1.0,1.8,0.551,0.541,0.5,0.7,0.813,1.6,5.1,6.6,1.6,1.1,0.5,1.0,3.2,6.9
Tyus Jones,7965100.0,PG,23,MEM,65,6,19.0,3.0,6.6,0.4589999999999999,0.7,1.9,0.379,2.3,4.7,0.492,0.514,0.7,0.9,0.741,0.1,1.4,1.6,4.4,0.9,0.1,0.8,0.7,7.4
Seth Curry,7813953.0,SG,29,DAL,64,25,24.6,4.4,9.0,0.495,2.3,5.0,0.452,2.2,4.0,0.5489999999999999,0.621,1.3,1.5,0.825,0.4,1.8,2.3,1.9,0.6,0.1,1.0,1.8,12.4
De'Anthony Melton,7812500.0,PG,21,MEM,60,8,19.5,2.7,6.7,0.401,0.7,2.3,0.286,2.0,4.4,0.4639999999999999,0.451,1.6,2.0,0.769,0.7,3.0,3.7,2.9,1.3,0.3,1.4,1.8,7.6
Derrick Rose,7682927.0,PG,31,DET,50,15,26.0,7.4,15.1,0.49,0.9,2.9,0.306,6.5,12.1,0.535,0.52,2.4,2.8,0.871,0.5,1.9,2.4,5.6,0.8,0.3,2.5,1.0,18.1
Cristiano Felício,7529020.0,C,27,CHI,22,0,17.5,1.5,2.5,0.63,0.0,0.1,0.0,1.5,2.4,0.654,0.63,0.8,1.0,0.7829999999999999,2.5,2.1,4.6,0.7,0.5,0.1,0.8,1.5,3.9
Rajon Rondo,7500000.0,PG,33,LAL,48,3,20.5,2.9,6.8,0.418,0.9,2.6,0.3279999999999999,2.0,4.2,0.473,0.48,0.6,0.9,0.659,0.5,2.5,3.0,5.0,0.8,0.0,1.9,1.2,7.1
De'Andre Hunter,7422000.0,SF,22,ATL,63,62,32.0,4.4,10.8,0.41,1.7,4.8,0.355,2.7,6.0,0.4539999999999999,0.489,1.7,2.3,0.764,0.7,3.8,4.5,1.8,0.7,0.3,1.6,2.9,12.3
Jonathan Isaac,7362566.0,PF,22,ORL,34,32,28.8,4.6,9.8,0.47,0.9,2.8,0.34,3.6,7.0,0.521,0.518,1.8,2.3,0.779,1.7,5.1,6.8,1.4,1.6,2.3,1.4,2.4,11.9
Doug McDermott,7333333.0,PF,28,IND,69,0,19.9,3.9,7.9,0.488,1.9,4.3,0.435,2.0,3.7,0.5489999999999999,0.605,0.7,0.8,0.828,0.4,2.1,2.5,1.1,0.2,0.1,0.6,1.7,10.3
Robin Lopez,7300000.0,C,31,MIL,66,5,14.5,2.2,4.5,0.492,0.5,1.6,0.3329999999999999,1.7,2.9,0.5770000000000001,0.55,0.4,0.8,0.528,0.8,1.6,2.4,0.7,0.2,0.7,1.0,1.5,5.4
Jaren Jackson Jr.,7257360.0,C,20,MEM,57,57,28.5,6.2,13.2,0.469,2.5,6.5,0.3939999999999999,3.6,6.8,0.54,0.565,2.4,3.3,0.747,1.0,3.6,4.6,1.4,0.7,1.6,1.7,4.1,17.4
JaMychal Green,7199760.0,PF,29,LAC,63,1,20.7,2.4,5.6,0.429,1.5,3.8,0.387,0.9,1.8,0.518,0.56,0.6,0.8,0.75,1.2,4.9,6.2,0.8,0.5,0.4,0.9,2.8,6.8
Nemanja Bjelica,7150000.0,PF,31,SAC,72,67,27.9,4.4,9.1,0.481,1.9,4.4,0.419,2.5,4.6,0.541,0.583,1.0,1.2,0.821,1.5,4.8,6.4,2.8,0.9,0.6,1.4,3.0,11.5
Ivica Zubac,7000000.0,C,22,LAC,72,70,18.4,3.3,5.3,0.613,0.0,0.0,0.0,3.3,5.3,0.616,0.613,1.7,2.3,0.747,2.7,4.8,7.5,1.1,0.2,0.9,0.8,2.3,8.3
Aron Baynes,6975610.0,C,33,PHO,42,28,22.2,4.4,9.1,0.48,1.4,4.0,0.351,3.0,5.1,0.5820000000000001,0.5579999999999999,1.3,1.8,0.747,1.7,4.0,5.6,1.6,0.2,0.5,1.2,3.4,11.5
Lauri Markkanen,6731508.0,PF,22,CHI,50,50,29.8,5.0,11.8,0.425,2.2,6.3,0.344,2.8,5.5,0.518,0.517,2.5,3.1,0.8240000000000001,1.2,5.1,6.3,1.5,0.8,0.5,1.6,1.9,14.7
Darius Garland,6720720.0,SG,20,CLE,59,59,30.9,4.7,11.8,0.401,1.8,5.0,0.355,3.0,6.8,0.434,0.476,1.1,1.2,0.875,0.5,1.4,1.9,3.9,0.7,0.1,2.6,1.6,12.3
D.J. Augustin,6666667.0,PG,32,ORL,57,13,24.9,3.2,8.1,0.3989999999999999,1.2,3.5,0.348,2.0,4.6,0.4379999999999999,0.475,2.8,3.2,0.89,0.4,1.8,2.1,4.6,0.6,0.0,1.5,1.3,10.5
Trae Young,6571800.0,PG,21,ATL,60,60,35.3,9.1,20.8,0.437,3.4,9.5,0.361,5.7,11.4,0.501,0.519,8.0,9.3,0.86,0.5,3.7,4.3,9.3,1.1,0.1,4.8,1.7,29.6
Jabari Parker,6500000.0,PF,24,TOT,38,23,24.1,5.8,11.3,0.51,0.8,3.1,0.2689999999999999,4.9,8.2,0.603,0.5479999999999999,1.6,2.1,0.753,1.6,4.0,5.6,1.8,1.2,0.4,1.7,2.6,14.0
Juan Hernangómez,6493000.0,PF,24,TOT,48,14,17.4,2.1,5.1,0.405,0.9,2.7,0.341,1.2,2.5,0.475,0.494,0.9,1.5,0.62,0.9,3.2,4.1,0.8,0.4,0.2,0.7,1.3,6.0
Chris Boucher,6490385.0,C,27,TOR,62,0,13.2,2.3,4.8,0.472,0.6,1.9,0.322,1.7,2.9,0.569,0.535,1.5,1.9,0.784,1.7,2.7,4.5,0.4,0.4,1.0,0.5,1.8,6.6
Joakim Noah,6431666.0,C,34,LAC,5,0,10.0,0.8,1.6,0.5,0.0,0.0,0.0,0.8,1.6,0.5,0.5,1.2,1.6,0.75,1.0,2.2,3.2,1.4,0.2,0.2,1.2,1.8,2.8
Frank Ntilikina,6176578.0,PG,21,NYK,57,26,20.8,2.3,5.8,0.3929999999999999,0.8,2.4,0.321,1.5,3.4,0.444,0.4589999999999999,0.9,1.0,0.8640000000000001,0.4,1.7,2.1,3.0,0.9,0.3,1.2,2.5,6.3
DeMarre Carroll,6167887.0,SF-C,33,TOT,24,0,12.1,1.0,2.8,0.379,0.3,1.4,0.242,0.7,1.4,0.515,0.439,1.2,1.8,0.69,0.5,1.8,2.3,1.0,0.3,0.2,0.7,1.3,3.6
Ish Smith,6146341.0,PG,31,WAS,68,23,26.3,4.5,10.1,0.447,0.9,2.5,0.367,3.6,7.6,0.473,0.492,0.9,1.3,0.721,0.4,2.8,3.2,4.9,0.9,0.4,1.4,1.6,10.9
Jarrett Culver,6104280.0,SG,20,MIN,63,35,23.9,3.7,9.0,0.4039999999999999,1.0,3.5,0.299,2.6,5.5,0.471,0.462,0.9,1.9,0.462,1.1,2.3,3.4,1.7,0.9,0.6,1.3,2.0,9.2
Alec Burks,6000000.0,SF-SG,28,TOT,66,19,26.6,4.9,11.6,0.418,1.8,4.6,0.385,3.1,7.1,0.439,0.493,3.6,4.0,0.887,0.7,3.5,4.3,2.9,0.9,0.3,1.4,1.9,15.0
Mo Bamba,5969040.0,C,21,ORL,62,0,14.2,2.1,4.6,0.462,0.6,1.7,0.346,1.5,2.9,0.531,0.526,0.5,0.7,0.674,1.6,3.3,4.9,0.7,0.4,1.4,0.7,1.9,5.4
Justin Holiday,5720400.0,SF,30,IND,73,6,25.0,2.8,6.7,0.428,1.8,4.5,0.405,1.0,2.1,0.477,0.5660000000000001,0.7,0.9,0.7909999999999999,0.4,2.8,3.3,1.3,1.2,0.6,0.6,1.9,8.3
Dennis Smith Jr.,5686677.0,PG,22,NYK,34,3,15.8,2.1,6.2,0.341,0.5,1.6,0.296,1.6,4.6,0.357,0.379,0.8,1.6,0.509,0.6,1.7,2.3,2.9,0.8,0.2,1.7,1.9,5.5
Avery Bradley,5635000.0,SG,29,LAL,49,44,24.2,3.5,7.8,0.444,1.3,3.5,0.364,2.2,4.3,0.51,0.526,0.4,0.5,0.833,0.4,2.0,2.3,1.3,0.9,0.1,1.0,2.2,8.6
Coby White,5572680.0,PG,19,CHI,65,1,25.8,4.8,12.2,0.3939999999999999,2.0,5.8,0.354,2.8,6.4,0.43,0.478,1.6,2.0,0.7909999999999999,0.4,3.1,3.5,2.7,0.8,0.1,1.7,1.8,13.2
Trey Lyles,5500000.0,PF,24,SAS,63,53,20.2,2.4,5.4,0.446,1.0,2.7,0.387,1.4,2.8,0.503,0.541,0.5,0.7,0.733,1.1,4.6,5.7,1.1,0.4,0.4,0.6,1.6,6.4
Wendell Carter Jr.,5448840.0,C,20,CHI,43,43,29.2,4.3,8.0,0.534,0.1,0.7,0.207,4.1,7.3,0.564,0.542,2.6,3.5,0.737,3.2,6.2,9.4,1.2,0.8,0.8,1.7,3.8,11.3
Zach Collins,5406255.0,PF,22,POR,11,11,26.4,2.9,6.2,0.471,0.6,1.7,0.368,2.3,4.5,0.51,0.522,0.5,0.7,0.75,2.3,4.0,6.3,1.5,0.5,0.5,1.3,3.3,7.0
Malik Monk,5345687.0,SG,21,CHO,55,1,21.3,3.9,8.9,0.434,1.1,3.7,0.284,2.8,5.2,0.542,0.494,1.5,1.8,0.82,0.5,2.4,2.9,2.1,0.5,0.3,1.4,1.3,10.3
Luke Kennard,5273826.0,SG,23,DET,28,25,32.9,5.4,12.2,0.442,2.6,6.5,0.3989999999999999,2.8,5.7,0.491,0.5479999999999999,2.4,2.7,0.893,0.3,3.2,3.5,4.1,0.4,0.2,1.5,2.3,15.8
Ryan Anderson,5214583.0,C,31,HOU,2,0,7.0,1.0,3.5,0.286,0.5,2.5,0.2,0.5,1.0,0.5,0.357,0.0,0.0,0.0,0.0,3.5,3.5,1.0,0.5,0.0,0.5,0.5,2.5
Donovan Mitchell,5195501.0,SG,23,UTA,69,69,34.3,8.7,19.4,0.449,2.5,6.9,0.366,6.2,12.6,0.494,0.513,4.0,4.7,0.863,0.8,3.6,4.4,4.3,1.0,0.2,2.7,2.5,24.0
Bam Adebayo,5115492.0,PF,22,MIA,72,72,33.6,6.1,11.0,0.557,0.0,0.2,0.143,6.1,10.8,0.564,0.5579999999999999,3.7,5.3,0.691,2.4,7.8,10.2,5.1,1.1,1.3,2.8,2.5,15.9
Jaxson Hayes,5105160.0,C,19,NOP,64,14,16.9,2.7,4.0,0.672,0.0,0.1,0.25,2.7,4.0,0.6779999999999999,0.674,1.9,3.0,0.647,1.5,2.5,4.0,0.9,0.4,0.9,0.8,2.5,7.4
Justin Jackson,5029650.0,PF,24,DAL,65,3,16.1,2.1,5.2,0.396,0.7,2.5,0.294,1.3,2.7,0.489,0.466,0.6,0.8,0.84,0.4,2.0,2.4,0.8,0.2,0.2,0.2,1.1,5.5
Richaun Holmes,5005350.0,C,26,SAC,44,38,28.2,5.1,7.8,0.648,0.0,0.0,0.0,5.1,7.8,0.648,0.648,2.1,2.7,0.7879999999999999,2.9,5.3,8.1,1.0,0.9,1.3,1.2,3.8,12.3
Enes Kanter,5005350.0,C,27,BOS,58,7,16.9,3.4,6.0,0.5720000000000001,0.0,0.1,0.143,3.4,5.9,0.581,0.573,1.2,1.7,0.7070000000000001,2.8,4.6,7.4,1.0,0.4,0.7,1.0,1.7,8.1
Mike Scott,5005350.0,PF,31,PHI,68,11,17.8,2.2,5.1,0.426,1.2,3.2,0.369,1.0,2.0,0.519,0.54,0.4,0.5,0.8109999999999999,1.0,2.7,3.6,0.8,0.3,0.1,0.4,1.4,6.0
Ed Davis,5005350.0,C,30,UTA,28,1,10.8,0.8,1.6,0.478,0.0,0.0,0.0,0.8,1.6,0.478,0.478,0.3,0.5,0.5,1.3,2.5,3.8,0.4,0.4,0.3,0.5,2.2,1.8
Rodney McGruder,5000000.0,SG,28,LAC,56,4,15.6,1.3,3.2,0.3979999999999999,0.4,1.6,0.27,0.9,1.6,0.522,0.4639999999999999,0.3,0.6,0.5589999999999999,0.5,2.2,2.7,0.6,0.5,0.1,0.4,1.3,3.3
Nerlens Noel,5000000.0,C,25,OKC,61,7,18.5,3.0,4.4,0.684,0.0,0.0,0.3329999999999999,3.0,4.4,0.688,0.6859999999999999,1.3,1.7,0.755,1.5,3.4,4.9,0.9,1.0,1.5,1.1,2.7,7.4
Daniel Theis,5000000.0,C,27,BOS,65,64,24.1,3.7,6.6,0.5660000000000001,0.5,1.5,0.3329999999999999,3.2,5.1,0.633,0.603,1.3,1.8,0.763,2.2,4.4,6.6,1.7,0.6,1.3,0.8,3.4,9.2
Collin Sexton,4991880.0,PG,21,CLE,65,65,33.0,7.9,16.7,0.472,1.5,3.9,0.38,6.4,12.8,0.501,0.517,3.5,4.1,0.846,0.9,2.2,3.1,3.0,1.0,0.1,2.4,2.2,20.8
Pat Connaughton,4938272.0,SG,27,MIL,67,4,18.6,2.0,4.5,0.455,0.8,2.5,0.331,1.2,2.0,0.607,0.547,0.5,0.6,0.775,0.9,3.3,4.2,1.6,0.4,0.5,0.8,1.0,5.4
Kevon Looney,4821429.0,C,23,GSW,20,4,13.1,1.5,4.0,0.367,0.1,0.7,0.071,1.4,3.3,0.431,0.373,0.5,0.6,0.75,1.4,1.9,3.3,1.0,0.6,0.3,0.6,1.7,3.4
Josh Jackson,4767000.0,SF,22,MEM,22,0,17.3,3.2,7.2,0.44,1.0,3.3,0.319,2.1,4.0,0.54,0.513,1.6,2.3,0.7,0.5,2.5,3.0,1.6,0.8,0.4,1.3,1.8,9.0
Garrett Temple,4767000.0,SG,33,BRK,62,35,27.9,3.6,9.5,0.3779999999999999,2.0,6.2,0.3289999999999999,1.5,3.2,0.473,0.486,1.1,1.4,0.805,0.5,3.0,3.5,2.5,0.8,0.5,1.0,1.7,10.3
Kris Dunn,4767000.0,PG,25,CHI,51,32,24.9,3.0,6.7,0.444,0.6,2.2,0.259,2.4,4.5,0.535,0.487,0.8,1.1,0.741,0.5,3.2,3.6,3.4,2.0,0.3,1.3,3.1,7.3
Elfrid Payton,5760000.0,PG,25,NYK,45,36,27.7,4.3,9.8,0.439,0.3,1.5,0.203,4.0,8.2,0.482,0.455,1.1,1.9,0.57,1.2,3.6,4.7,7.2,1.6,0.4,2.1,2.0,10.0
Elfrid Payton,5760000.0,PG,25,NYK,45,36,27.7,4.3,9.8,0.439,0.3,1.5,0.203,4.0,8.2,0.482,0.455,1.1,1.9,0.57,1.2,3.6,4.7,7.2,1.6,0.4,2.1,2.0,10.0
Rui Hachimura,4692840.0,PF,21,WAS,48,48,30.1,5.3,11.4,0.466,0.5,1.8,0.287,4.8,9.5,0.5,0.489,2.4,2.9,0.8290000000000001,1.6,4.5,6.1,1.8,0.8,0.2,1.1,2.2,13.5
Denzel Valentine,4642800.0,SF,26,CHI,36,5,13.6,2.7,6.6,0.409,1.3,3.8,0.336,1.4,2.8,0.51,0.506,0.2,0.2,0.75,0.3,1.8,2.1,1.2,0.7,0.2,0.7,1.4,6.8
Kevin Knox,4588680.0,SF,20,NYK,65,4,17.9,2.2,6.2,0.359,1.0,3.1,0.327,1.2,3.1,0.391,0.44,1.0,1.6,0.653,0.4,2.4,2.8,0.9,0.4,0.4,0.7,1.6,6.4
D.J. Wilson,4548280.0,PF,23,MIL,37,1,9.8,1.4,3.6,0.3939999999999999,0.5,2.0,0.247,0.9,1.6,0.5760000000000001,0.462,0.3,0.5,0.611,0.3,2.2,2.5,0.7,0.1,0.1,0.5,0.9,3.6
Cam Reddish,4458000.0,SF,20,ATL,58,34,26.7,3.7,9.6,0.384,1.4,4.3,0.332,2.2,5.2,0.428,0.4589999999999999,1.7,2.2,0.802,0.6,3.1,3.7,1.5,1.1,0.5,1.7,2.3,10.5
Mikal Bridges,4359000.0,SF,23,PHO,73,32,28.0,3.4,6.6,0.51,1.0,2.7,0.361,2.4,4.0,0.61,0.583,1.4,1.7,0.8440000000000001,0.9,3.1,4.0,1.8,1.4,0.6,1.0,2.2,9.1
T.J. Leaf,4326825.0,PF,22,IND,28,1,7.9,1.3,3.1,0.419,0.2,0.6,0.278,1.1,2.4,0.456,0.4479999999999999,0.3,0.6,0.4379999999999999,0.8,1.7,2.5,0.3,0.4,0.1,0.3,0.8,3.0
Cameron Johnson,4235160.0,PF,23,PHO,57,9,22.0,3.1,7.1,0.435,1.9,4.8,0.39,1.2,2.3,0.526,0.565,0.8,1.0,0.807,0.9,2.4,3.3,1.2,0.6,0.4,0.6,1.5,8.8
JaVale McGee,4200000.0,C,32,LAL,68,68,16.6,2.9,4.5,0.637,0.0,0.1,0.5,2.8,4.4,0.64,0.642,0.8,1.2,0.6459999999999999,1.8,3.9,5.7,0.5,0.5,1.4,0.8,2.3,6.6
Reggie Bullock,4200000.0,SG,28,NYK,29,19,23.6,3.1,7.7,0.402,1.3,3.8,0.3329999999999999,1.8,3.9,0.469,0.484,0.6,0.7,0.81,0.4,1.9,2.3,1.4,0.9,0.1,0.7,1.9,8.1
Shai Gilgeous-Alexander,4141320.0,SG,21,OKC,70,70,34.7,6.8,14.5,0.471,1.2,3.6,0.347,5.6,10.9,0.512,0.514,4.1,5.1,0.807,0.7,5.2,5.9,3.3,1.1,0.7,1.9,1.7,19.0
John Collins,4137302.0,PF,22,ATL,41,41,33.2,8.6,14.8,0.583,1.4,3.6,0.401,7.2,11.2,0.642,0.632,2.9,3.7,0.8,2.8,7.3,10.1,1.5,0.8,1.6,1.8,3.4,21.6
Nicolò Melli,4097561.0,C,29,NOP,60,8,17.4,2.3,5.4,0.421,1.2,3.4,0.335,1.1,2.0,0.573,0.528,0.9,1.2,0.74,0.6,2.4,3.0,1.4,0.6,0.4,0.8,2.1,6.6
P.J. Washington,4023600.0,PF,21,CHO,58,57,30.3,4.6,10.2,0.455,1.5,4.0,0.374,3.1,6.2,0.507,0.528,1.5,2.3,0.647,1.0,4.4,5.4,2.1,0.9,0.8,1.6,2.7,12.2
Willie Cauley-Stein,4000000.0,C,26,TOT,54,39,20.3,3.2,5.6,0.579,0.0,0.0,0.0,3.2,5.6,0.581,0.579,0.7,1.2,0.606,1.6,4.3,5.8,1.3,0.9,1.1,0.7,2.2,7.2
Dorian Finney-Smith,4000000.0,PF,26,DAL,71,68,29.9,3.4,7.4,0.466,1.6,4.3,0.376,1.8,3.1,0.589,0.575,1.1,1.5,0.722,2.0,3.7,5.7,1.6,0.6,0.5,1.0,2.5,9.5
Patrick McCaw,4000000.0,SF,24,TOR,37,12,24.5,1.8,4.4,0.414,0.6,1.9,0.324,1.2,2.5,0.484,0.485,0.4,0.5,0.722,0.5,1.8,2.3,2.1,1.1,0.1,0.8,1.6,4.6
Terrance Ferguson,3944013.0,SF,21,OKC,56,38,22.4,1.4,3.9,0.355,0.9,3.0,0.292,0.5,0.9,0.5579999999999999,0.466,0.3,0.4,0.75,0.4,0.9,1.3,0.9,0.5,0.3,0.6,2.8,3.9
Miles Bridges,3934320.0,SF,21,CHO,65,64,30.7,4.9,11.6,0.424,1.5,4.6,0.33,3.4,7.0,0.486,0.489,1.6,2.0,0.809,1.4,4.2,5.6,1.8,0.6,0.7,1.5,2.0,13.0
Jarrett Allen,3909902.0,C,21,BRK,70,64,26.5,4.3,6.6,0.649,0.0,0.1,0.0,4.3,6.6,0.6579999999999999,0.649,2.4,3.9,0.633,3.1,6.5,9.6,1.6,0.6,1.3,1.1,2.3,11.1
OG Anunoby,3872215.0,SF,22,TOR,69,68,29.9,4.1,8.2,0.505,1.3,3.3,0.39,2.9,4.9,0.583,0.584,1.0,1.5,0.706,1.2,4.1,5.3,1.6,1.4,0.7,1.1,2.4,10.6
Tyler Herro,3822240.0,SG,20,MIA,55,8,27.4,4.9,11.5,0.428,2.1,5.4,0.389,2.8,6.1,0.462,0.52,1.6,1.8,0.87,0.3,3.8,4.1,2.2,0.6,0.2,1.6,1.4,13.5
Stanley Johnson,3801000.0,PF,23,TOR,25,0,6.0,0.9,2.4,0.373,0.3,1.0,0.292,0.6,1.4,0.429,0.432,0.4,0.6,0.563,0.3,1.2,1.5,0.8,0.2,0.2,0.6,0.6,2.4
Jake Layman,3761085.0,SF,25,MIN,23,2,22.0,3.5,7.8,0.4529999999999999,1.0,3.1,0.3329999999999999,2.5,4.7,0.5329999999999999,0.52,1.0,1.4,0.75,0.7,1.7,2.5,0.7,0.7,0.4,1.0,2.0,9.1
Danuel House,3717000.0,SF,26,HOU,63,52,30.4,3.7,8.6,0.427,2.0,5.6,0.363,1.6,2.9,0.5489999999999999,0.546,1.2,1.4,0.8109999999999999,0.9,3.3,4.2,1.3,1.1,0.5,0.9,2.1,10.5
Romeo Langford,3631200.0,SG,20,BOS,32,2,11.6,0.9,2.5,0.35,0.2,0.8,0.185,0.7,1.7,0.434,0.381,0.6,0.8,0.72,0.5,0.8,1.3,0.4,0.3,0.3,0.3,1.0,2.5
Bobby Portis,3623000.0,PF,24,NYK,66,5,21.1,4.0,8.9,0.45,1.0,2.8,0.358,3.0,6.1,0.493,0.507,1.1,1.4,0.763,1.2,3.9,5.1,1.5,0.5,0.3,1.1,1.7,10.1
Maurice Harkless,3623000.0,PF-SF,26,TOT,62,48,23.0,2.3,4.6,0.502,0.5,1.6,0.347,1.7,3.0,0.584,0.562,0.6,1.1,0.591,0.9,3.0,3.9,1.1,0.9,0.5,0.9,2.4,5.8
Wesley Matthews,3623000.0,SG,33,MIL,67,67,24.4,2.5,6.3,0.396,1.6,4.4,0.364,0.9,1.9,0.472,0.524,0.8,1.0,0.765,0.3,2.1,2.5,1.4,0.6,0.1,0.6,1.5,7.4
Kyle Kuzma,3562178.0,PF,24,LAL,61,9,25.0,4.8,11.0,0.436,1.4,4.5,0.316,3.4,6.5,0.518,0.5,1.9,2.5,0.735,0.9,3.6,4.5,1.3,0.5,0.4,1.5,2.1,12.8
Michael Porter Jr.,3550800.0,SF,21,DEN,55,8,16.4,3.5,7.0,0.509,1.1,2.7,0.422,2.4,4.3,0.564,0.59,1.1,1.3,0.833,1.2,3.5,4.7,0.8,0.5,0.5,0.9,1.8,9.3
Jevon Carter,3549383.0,PG,24,PHO,58,2,16.3,1.7,4.2,0.416,1.1,2.5,0.425,0.7,1.7,0.402,0.5429999999999999,0.4,0.5,0.852,0.5,1.5,2.0,1.4,0.8,0.3,0.6,1.5,4.9
Tony Bradley,3542060.0,C,22,UTA,58,3,11.4,2.2,3.3,0.667,0.1,0.1,1.0,2.1,3.2,0.6609999999999999,0.675,0.5,0.8,0.652,1.9,2.7,4.6,0.4,0.2,0.6,0.5,2.0,4.9
Derrick White,3516284.0,SG,25,SAS,68,20,24.7,3.7,8.1,0.4579999999999999,1.2,3.2,0.366,2.6,4.9,0.518,0.53,2.6,3.1,0.853,0.5,2.8,3.3,3.5,0.6,0.9,1.3,2.2,11.3
Boban Marjanović,3500000.0,C,31,DAL,44,5,9.6,2.8,4.8,0.573,0.1,0.4,0.235,2.7,4.4,0.603,0.583,1.0,1.3,0.754,1.5,3.0,4.5,0.5,0.2,0.2,0.7,1.3,6.6
T.J. McConnell,3500000.0,PG,27,IND,71,3,18.7,3.0,5.8,0.516,0.1,0.2,0.294,2.9,5.5,0.525,0.522,0.5,0.6,0.833,0.5,2.1,2.7,5.0,0.8,0.2,1.4,1.0,6.5
Josh Hart,3491159.0,SF,24,NOP,65,16,27.0,3.5,8.2,0.423,1.9,5.4,0.342,1.6,2.7,0.584,0.537,1.3,1.8,0.7390000000000001,0.9,5.6,6.5,1.7,1.0,0.4,1.2,2.5,10.1
Sekou Doumbouya,3449400.0,PF,19,DET,38,19,19.8,2.4,6.2,0.39,0.7,2.6,0.286,1.7,3.6,0.4639999999999999,0.449,0.8,1.2,0.674,0.5,2.6,3.1,0.5,0.5,0.2,0.9,2.1,6.4
Troy Brown Jr.,3372840.0,SF,20,WAS,69,22,25.8,4.0,9.0,0.439,0.9,2.6,0.341,3.1,6.4,0.479,0.488,1.6,2.0,0.784,1.1,4.4,5.6,2.6,1.2,0.1,1.1,1.9,10.4
James Ennis,3300000.0,SF-SG,29,TOT,69,18,18.3,2.3,5.2,0.446,0.8,2.4,0.325,1.5,2.8,0.5529999999999999,0.522,1.1,1.4,0.8059999999999999,1.0,2.5,3.6,0.9,0.5,0.3,0.8,2.0,6.6
Zhaire Smith,3204600.0,SF,20,PHI,7,0,4.6,0.4,1.6,0.273,0.0,0.4,0.0,0.4,1.1,0.375,0.273,0.3,0.6,0.5,0.0,0.3,0.3,0.3,0.4,0.0,0.3,0.6,1.1
Trey Burke,3174603.0,PG,27,TOT,33,1,15.8,2.8,6.3,0.45,1.0,2.3,0.427,1.9,4.1,0.4629999999999999,0.526,0.7,0.9,0.7929999999999999,0.5,1.0,1.5,2.5,0.5,0.1,0.6,1.0,7.4
Austin Rivers,3174603.0,SG,27,HOU,68,4,23.4,3.1,7.4,0.421,1.4,4.0,0.356,1.7,3.4,0.498,0.517,1.1,1.6,0.703,0.4,2.2,2.6,1.7,0.7,0.1,0.7,1.9,8.8
Nickeil Alexander-Walker,3113160.0,SG,21,NOP,47,1,12.6,2.1,5.7,0.368,1.0,2.8,0.346,1.1,2.8,0.391,0.455,0.5,0.8,0.6759999999999999,0.2,1.6,1.8,1.9,0.4,0.2,1.1,1.2,5.7
Patrick Patterson,3814768.0,PF,30,LAC,59,18,13.2,1.6,3.9,0.408,1.1,2.9,0.39,0.5,1.0,0.4589999999999999,0.552,0.6,0.7,0.8140000000000001,0.6,2.0,2.6,0.7,0.1,0.1,0.4,0.9,4.9
Patrick Patterson,3814768.0,PF,30,LAC,59,18,13.2,1.6,3.9,0.408,1.1,2.9,0.39,0.5,1.0,0.4589999999999999,0.552,0.6,0.7,0.8140000000000001,0.6,2.0,2.6,0.7,0.1,0.1,0.4,0.9,4.9
Donte DiVincenzo,3044160.0,SG,23,MIL,66,24,23.0,3.5,7.7,0.455,1.3,3.7,0.336,2.3,4.0,0.5670000000000001,0.536,1.0,1.3,0.733,1.0,3.8,4.8,2.3,1.3,0.3,1.4,1.7,9.2
Michael Carter-Williams,3000000.0,SG,28,ORL,45,0,18.5,2.5,5.8,0.427,0.5,1.7,0.293,2.0,4.1,0.481,0.469,1.8,2.1,0.8320000000000001,1.0,2.2,3.3,2.4,1.1,0.5,1.2,1.9,7.2
Khem Birch,3000000.0,C,27,ORL,48,24,19.2,1.5,3.0,0.51,0.0,0.0,0.0,1.5,3.0,0.514,0.51,1.4,2.1,0.653,1.9,2.7,4.6,1.0,0.4,0.5,0.6,1.9,4.4
Ryan Arcidiacono,3000000.0,PG,25,CHI,58,4,16.0,1.6,3.8,0.409,0.9,2.4,0.391,0.6,1.4,0.439,0.532,0.5,0.7,0.711,0.3,1.6,1.9,1.7,0.5,0.1,0.6,1.7,4.5
Goga Bitadze,2957520.0,C,20,IND,54,2,8.7,1.3,2.8,0.467,0.1,0.8,0.19,1.1,2.0,0.574,0.493,0.4,0.6,0.727,0.5,1.5,2.0,0.4,0.2,0.7,0.5,1.2,3.2
Lonnie Walker,2892000.0,SG,21,SAS,61,12,16.2,2.5,5.9,0.426,0.7,1.7,0.406,1.8,4.2,0.434,0.483,0.7,1.0,0.721,0.4,1.9,2.3,1.1,0.5,0.2,0.7,1.3,6.4
Dewayne Dedmon,2866667.0,C,30,TOT,44,18,17.6,2.3,5.8,0.4,0.5,2.4,0.206,1.8,3.4,0.541,0.4429999999999999,0.7,0.8,0.833,1.4,4.3,5.7,0.5,0.6,0.9,1.3,3.0,5.8
Luka Šamanić,2824320.0,PF,20,SAS,3,1,16.0,1.7,5.3,0.313,1.0,2.7,0.375,0.7,2.7,0.25,0.406,1.0,1.3,0.75,0.3,3.0,3.3,2.0,0.0,0.7,0.7,2.0,5.3
Kevin Huerter,2761920.0,SG,21,ATL,56,48,31.4,4.5,10.9,0.413,2.3,6.0,0.38,2.2,4.9,0.4529999999999999,0.517,0.9,1.1,0.828,0.6,3.4,4.1,3.8,0.9,0.5,1.6,2.5,12.2
Marko Guduric,2750000.0,SG,24,MEM,44,0,11.0,1.4,3.6,0.395,0.6,1.9,0.301,0.8,1.7,0.5,0.475,0.5,0.6,0.923,0.3,1.3,1.7,1.0,0.3,0.2,0.8,0.8,3.9
Alex Caruso,2750000.0,PG,25,LAL,64,2,18.4,1.9,4.5,0.412,0.6,1.9,0.3329999999999999,1.3,2.7,0.4679999999999999,0.481,1.1,1.5,0.7340000000000001,0.3,1.7,1.9,1.9,1.1,0.3,0.8,1.5,5.5
Matisse Thybulle,2711280.0,SG,22,PHI,65,14,19.8,1.7,4.1,0.423,0.9,2.4,0.357,0.9,1.7,0.519,0.528,0.4,0.6,0.61,0.7,1.0,1.6,1.2,1.4,0.7,0.8,2.2,4.7
Josh Okogie,2651040.0,SG,21,MIN,62,28,25.0,2.7,6.4,0.427,0.7,2.5,0.266,2.1,3.9,0.529,0.479,2.5,3.1,0.7959999999999999,1.4,2.9,4.3,1.6,1.1,0.4,1.4,2.2,8.6
Vincent Poirier,2619207.0,C,26,BOS,22,0,5.9,0.8,1.6,0.472,0.0,0.1,0.5,0.7,1.5,0.471,0.486,0.3,0.3,0.857,0.6,1.4,2.0,0.4,0.1,0.4,0.4,1.1,1.9
Brandon Clarke,2602920.0,PF,23,MEM,58,4,22.4,5.1,8.3,0.618,0.4,1.1,0.359,4.7,7.2,0.6579999999999999,0.642,1.5,1.9,0.759,1.6,4.4,5.9,1.4,0.6,0.8,0.9,1.7,12.1
Marc Gasol,2564753.0,C,35,TOR,44,43,26.4,2.7,6.3,0.427,1.3,3.4,0.385,1.4,3.0,0.473,0.529,0.8,1.1,0.735,0.7,5.5,6.3,3.3,0.8,0.9,1.3,2.8,7.5
Dwight Howard,2564753.0,C,34,LAL,69,2,18.9,2.9,4.0,0.7290000000000001,0.0,0.1,0.6,2.9,3.9,0.732,0.735,1.6,3.1,0.514,2.5,4.9,7.3,0.7,0.4,1.1,1.2,3.2,7.5
Udonis Haslem,2564753.0,C,39,MIA,4,1,11.0,1.0,2.8,0.364,0.3,0.8,0.3329999999999999,0.8,2.0,0.375,0.409,0.8,1.0,0.75,0.3,3.8,4.0,0.3,0.0,0.0,0.3,1.5,3.0
Jared Dudley,2564753.0,PF,34,LAL,45,1,8.1,0.5,1.3,0.4,0.4,0.9,0.429,0.1,0.4,0.3329999999999999,0.55,0.0,0.0,1.0,0.1,1.0,1.2,0.6,0.3,0.1,0.2,0.9,1.5
Wayne Ellington,3005225.0,SG,32,NYK,36,1,15.5,1.7,4.8,0.351,1.4,4.0,0.35,0.3,0.9,0.355,0.494,0.3,0.4,0.846,0.1,1.7,1.8,1.2,0.4,0.1,0.5,1.1,5.1
Wayne Ellington,3005225.0,SG,32,NYK,36,1,15.5,1.7,4.8,0.351,1.4,4.0,0.35,0.3,0.9,0.355,0.494,0.3,0.4,0.846,0.1,1.7,1.8,1.2,0.4,0.1,0.5,1.1,5.1
J.J. Barea,2564753.0,PG,35,DAL,29,6,15.5,2.9,7.1,0.411,1.1,2.9,0.376,1.8,4.2,0.434,0.488,0.7,0.8,0.909,0.3,1.5,1.8,3.9,0.2,0.1,1.3,0.9,7.7
Jeff Green,2564753.0,PF-C,33,TOT,48,4,20.0,3.3,7.2,0.462,1.3,3.8,0.3389999999999999,2.0,3.4,0.602,0.552,1.5,1.9,0.802,0.5,2.3,2.8,1.0,0.5,0.4,0.9,1.9,9.4
Jeff Teague,2564753.0,PG,31,TOT,59,17,24.8,3.6,8.3,0.436,0.7,2.0,0.368,2.9,6.3,0.457,0.48,2.9,3.3,0.873,0.5,1.9,2.4,5.2,0.7,0.3,2.0,1.8,10.9
Grayson Allen,2545320.0,SG,24,MEM,38,0,18.9,3.1,6.6,0.466,1.5,3.7,0.4039999999999999,1.6,2.9,0.545,0.58,1.0,1.2,0.867,0.2,2.0,2.2,1.4,0.3,0.1,0.9,1.4,8.7
Grant Williams,2498760.0,PF,21,BOS,69,5,15.1,1.3,3.1,0.412,0.3,1.4,0.25,0.9,1.7,0.5479999999999999,0.469,0.6,0.8,0.722,0.9,1.7,2.6,1.0,0.4,0.5,0.7,2.4,3.4
Chandler Hutchison,2443440.0,SF,23,CHI,28,10,18.8,2.9,6.3,0.457,0.4,1.4,0.316,2.4,4.9,0.496,0.491,1.6,2.8,0.59,0.6,3.2,3.9,0.9,1.0,0.3,1.0,1.7,7.8
Darius Bazley,2399160.0,PF,19,OKC,61,9,18.5,2.0,5.2,0.3939999999999999,0.8,2.3,0.348,1.2,2.9,0.432,0.472,0.7,1.0,0.6940000000000001,0.5,3.5,4.0,0.7,0.4,0.7,0.7,0.9,5.6
Aaron Holiday,2345640.0,PG,23,IND,66,33,24.5,3.5,8.5,0.414,1.3,3.3,0.3939999999999999,2.2,5.2,0.427,0.491,1.1,1.3,0.851,0.3,2.0,2.4,3.4,0.8,0.2,1.3,1.8,9.5
Bryn Forbes,2337145.0,SG,26,SAS,63,62,25.1,3.8,9.2,0.417,2.3,6.0,0.3879999999999999,1.5,3.2,0.47,0.544,1.2,1.4,0.833,0.2,1.8,2.0,1.7,0.5,0.0,0.9,1.8,11.2
E'Twaun Moore,2331593.0,SG,30,NOP,56,6,18.2,3.3,7.8,0.426,1.1,3.0,0.377,2.2,4.8,0.456,0.498,0.6,0.8,0.6890000000000001,0.6,1.8,2.3,1.4,0.6,0.2,0.7,1.4,8.3
Markieff Morris,2331593.0,PF,30,TOT,58,17,20.5,3.5,7.9,0.4429999999999999,1.5,3.9,0.386,2.0,4.0,0.5,0.539,1.1,1.5,0.7759999999999999,0.7,3.1,3.8,1.3,0.5,0.3,1.3,2.3,9.7
Reggie Jackson,2331593.0,SG-PG,29,TOT,31,16,24.0,4.3,10.5,0.411,1.8,4.7,0.3929999999999999,2.5,5.8,0.425,0.498,1.5,1.7,0.833,0.5,2.4,3.0,4.1,0.4,0.2,1.6,1.9,11.9
Bismack Biyombo,2331593.0,C,27,CHO,53,29,19.4,2.8,5.2,0.5429999999999999,0.0,0.0,0.0,2.8,5.2,0.5429999999999999,0.5429999999999999,1.7,2.8,0.603,2.3,3.5,5.8,0.9,0.2,0.9,0.9,2.2,7.4
Hassan Whiteside,2320044.0,C,30,POR,67,61,30.0,6.5,10.5,0.621,0.1,0.1,0.5710000000000001,6.4,10.4,0.622,0.624,2.4,3.6,0.6859999999999999,3.9,9.7,13.5,1.2,0.4,2.9,1.8,2.9,15.5
Kent Bazemore,2320044.0,SF,30,TOT,68,21,24.8,2.9,7.9,0.375,1.2,3.6,0.344,1.7,4.3,0.4,0.4529999999999999,1.7,2.2,0.769,0.4,3.9,4.3,1.4,1.1,0.6,1.3,2.9,8.8
Alex Len,2320000.0,C,26,TOT,55,12,17.6,3.2,5.8,0.555,0.3,1.1,0.271,2.9,4.7,0.619,0.58,1.2,1.9,0.648,1.8,4.0,5.8,0.9,0.4,0.9,1.0,2.3,8.0
Luke Kornet,2304878.0,C,24,CHI,36,14,15.5,2.3,5.2,0.439,0.9,3.0,0.287,1.4,2.2,0.6459999999999999,0.521,0.6,0.8,0.7140000000000001,0.6,1.7,2.3,0.9,0.3,0.7,0.4,1.5,6.0
Ty Jerome,2303040.0,SG,22,PHO,31,0,10.6,1.2,3.6,0.336,0.5,1.6,0.28,0.8,2.0,0.381,0.3979999999999999,0.4,0.5,0.75,0.2,1.3,1.5,1.4,0.5,0.1,0.6,0.9,3.3
Mike Muscala,2283034.0,C,28,OKC,47,2,12.2,1.6,4.0,0.407,1.1,3.0,0.3779999999999999,0.5,1.0,0.5,0.55,0.4,0.5,0.818,0.3,2.0,2.3,0.9,0.2,0.3,0.4,1.2,4.8
Ben McLemore,2283034.0,SF,26,HOU,71,23,22.8,3.4,7.7,0.444,2.5,6.4,0.4,0.9,1.3,0.6559999999999999,0.61,0.7,0.9,0.746,0.3,1.9,2.2,0.8,0.6,0.2,0.7,2.2,10.1
Anfernee Simons,2252040.0,SG,20,POR,70,4,20.7,3.1,7.7,0.3989999999999999,1.1,3.2,0.332,2.0,4.4,0.4479999999999999,0.469,1.1,1.3,0.826,0.4,1.8,2.2,1.4,0.4,0.1,0.9,1.9,8.3
Brad Wanamaker,2250000.0,PG,30,BOS,71,1,19.3,2.3,5.1,0.4479999999999999,0.5,1.4,0.363,1.8,3.7,0.481,0.499,1.8,1.9,0.926,0.3,1.7,2.0,2.5,0.9,0.2,1.1,1.9,6.9
Nassir Little,2210640.0,PF,19,POR,48,5,11.9,1.4,3.1,0.43,0.3,1.2,0.237,1.1,1.9,0.5539999999999999,0.477,0.6,0.9,0.636,0.6,1.6,2.3,0.5,0.3,0.3,0.3,1.5,3.6
Matthew Dellavedova,2174318.0,PG,29,CLE,57,4,14.4,1.1,3.1,0.354,0.4,1.6,0.231,0.7,1.5,0.488,0.414,0.6,0.6,0.865,0.3,1.0,1.3,3.2,0.4,0.0,1.0,1.4,3.1
Solomon Hill,2174318.0,PF,28,TOT,59,4,18.4,1.9,4.7,0.396,1.1,2.9,0.368,0.8,1.8,0.439,0.509,0.7,0.9,0.741,0.5,2.3,2.8,1.8,0.7,0.2,0.9,1.4,5.5
Moritz Wagner,2161920.0,C,22,WAS,45,5,18.6,3.2,5.9,0.545,0.6,1.8,0.313,2.7,4.1,0.645,0.5920000000000001,1.7,2.1,0.821,1.2,3.6,4.9,1.2,0.6,0.4,1.5,3.4,8.7
Edmond Sumner,2160000.0,SG,24,IND,31,3,14.4,2.0,4.6,0.43,0.5,1.7,0.264,1.5,2.9,0.528,0.479,0.5,0.9,0.552,0.4,1.1,1.5,1.8,0.5,0.3,0.7,1.4,4.9
John Konchar,2093023.0,SG,23,MEM,19,0,9.5,1.3,1.9,0.649,0.3,0.5,0.5,1.0,1.4,0.7040000000000001,0.716,0.1,0.1,0.5,0.9,1.5,2.5,1.2,0.4,0.2,0.4,0.4,2.8
Landry Shamet,2090040.0,SG,22,LAC,53,30,27.4,3.0,7.4,0.4039999999999999,2.1,5.6,0.375,0.9,1.8,0.495,0.546,1.2,1.4,0.855,0.1,1.8,1.9,1.9,0.4,0.2,0.8,2.7,9.3
Mfiondu Kabengele,2075880.0,C,22,LAC,12,0,5.3,1.2,2.7,0.4379999999999999,0.8,1.7,0.45,0.4,1.0,0.417,0.578,0.4,0.4,1.0,0.1,0.8,0.9,0.2,0.2,0.2,0.2,0.8,3.5
Jordan Poole,2063280.0,SG,20,GSW,57,14,22.4,2.9,8.8,0.3329999999999999,1.3,4.6,0.2789999999999999,1.6,4.2,0.392,0.406,1.7,2.1,0.7979999999999999,0.2,1.9,2.1,2.4,0.6,0.2,1.3,1.6,8.8
Bol Bol,2058240.0,PF,20,DEN,7,0,12.4,2.0,4.0,0.5,0.6,1.3,0.444,1.4,2.7,0.526,0.5710000000000001,1.1,1.4,0.8,0.7,2.0,2.7,0.9,0.3,0.9,1.4,1.6,5.7
Keldon Johnson,2048040.0,SF,20,SAS,17,1,17.7,3.1,5.2,0.596,0.8,1.3,0.591,2.4,3.9,0.597,0.669,2.1,2.6,0.795,0.6,2.8,3.4,0.9,0.8,0.1,0.8,1.6,9.1
Kevin Porter Jr.,2033160.0,SF,19,CLE,50,3,23.2,3.7,8.4,0.442,1.1,3.2,0.335,2.7,5.3,0.506,0.505,1.5,2.0,0.723,0.4,2.8,3.2,2.2,0.9,0.3,1.9,2.7,10.0
Robert Williams,2029920.0,C,22,BOS,29,1,13.4,2.2,3.0,0.727,0.0,0.0,0.0,2.2,3.0,0.727,0.727,0.8,1.2,0.647,1.4,3.0,4.4,0.9,0.8,1.2,0.7,1.8,5.2
Glenn Robinson III,2028594.0,SF,26,TOT,62,52,28.8,4.6,9.5,0.486,1.2,3.2,0.391,3.4,6.4,0.534,0.552,1.2,1.4,0.86,1.3,3.0,4.4,1.5,0.9,0.3,0.9,1.6,11.7
Langston Galloway,2028594.0,SG,28,DET,66,6,25.8,3.6,8.2,0.435,2.0,5.0,0.3989999999999999,1.6,3.2,0.493,0.557,1.1,1.3,0.8590000000000001,0.5,1.8,2.3,1.5,0.7,0.2,0.6,1.5,10.3
Tyler Johnson,2028594.0,PG-SG,27,TOT,39,7,18.2,2.5,6.4,0.3879999999999999,1.0,3.1,0.319,1.5,3.4,0.45,0.4639999999999999,1.1,1.3,0.84,0.5,1.5,1.9,1.9,0.4,0.2,0.7,1.5,7.0
Bruno Caboclo,2028594.0,C,24,TOT,30,0,8.1,1.3,3.0,0.427,0.2,1.1,0.182,1.1,1.9,0.5710000000000001,0.461,0.3,0.3,0.889,0.8,1.2,2.0,0.4,0.5,0.6,0.4,1.0,3.0
Jacob Evans,2017320.0,SG,22,TOT,29,1,14.4,1.6,4.6,0.336,0.4,1.3,0.3329999999999999,1.1,3.3,0.337,0.384,0.9,1.0,0.862,0.3,1.1,1.4,1.1,0.4,0.4,0.9,1.4,4.4
Kenrich Williams,2000000.0,PF,25,NOP,39,18,21.3,1.3,3.8,0.347,0.6,2.5,0.258,0.7,1.3,0.52,0.432,0.2,0.7,0.346,1.3,3.5,4.8,1.5,0.7,0.5,0.6,2.3,3.5
Damyean Dotson,2000000.0,SG,25,NYK,48,0,17.4,2.5,6.0,0.414,1.2,3.4,0.362,1.3,2.6,0.48,0.516,0.5,0.7,0.667,0.2,1.7,1.9,1.2,0.5,0.1,0.4,0.9,6.7
Omari Spellman,1988280.0,C,22,GSW,49,3,18.1,2.6,6.0,0.431,0.9,2.2,0.391,1.7,3.8,0.4539999999999999,0.503,1.5,1.9,0.7929999999999999,1.6,2.9,4.5,1.0,0.7,0.5,1.1,1.3,7.6
Cameron Payne,1977011.0,SG,25,PHO,8,0,22.9,4.1,8.5,0.485,1.9,3.6,0.517,2.3,4.9,0.462,0.596,0.8,0.9,0.857,0.5,3.4,3.9,3.0,1.0,0.3,1.4,2.5,10.9
Gary Clark,1944677.0,SF-PF,25,TOT,42,5,13.5,1.3,3.2,0.406,0.9,2.6,0.351,0.4,0.5,0.682,0.5529999999999999,0.2,0.2,0.9,0.9,1.7,2.6,0.4,0.1,0.5,0.2,1.1,3.7
Jahlil Okafor,1882867.0,C,24,NOP,30,9,15.6,3.4,5.4,0.623,0.0,0.1,0.3329999999999999,3.3,5.3,0.629,0.627,1.3,2.1,0.645,1.6,2.6,4.2,1.2,0.2,0.7,1.3,2.2,8.1
Raul Neto,1882867.0,PG,27,PHI,54,3,12.4,1.9,4.1,0.455,0.6,1.6,0.386,1.2,2.5,0.5,0.532,0.7,0.9,0.83,0.2,0.9,1.1,1.8,0.4,0.1,0.9,0.9,5.1
JaKarr Sampson,1882867.0,PF,26,IND,34,12,13.9,2.0,3.4,0.591,0.1,0.4,0.154,1.9,3.0,0.647,0.6,0.5,0.8,0.667,0.6,2.0,2.6,0.6,0.5,0.4,0.4,1.9,4.6
Jerian Grant,1882867.0,SG,27,WAS,6,0,13.3,1.7,4.5,0.37,0.3,1.3,0.25,1.3,3.2,0.421,0.407,0.8,1.2,0.7140000000000001,0.3,0.7,1.0,1.5,0.2,0.2,0.5,1.8,4.5
Justin Anderson,1882867.0,SG,26,BRK,10,1,10.7,1.0,3.8,0.263,0.6,2.9,0.207,0.4,0.9,0.444,0.342,0.2,0.4,0.5,0.1,2.0,2.1,0.8,0.0,0.6,0.4,1.3,2.8
David Nwaba,1862250.0,SF,27,BRK,20,0,13.4,1.9,3.6,0.521,0.6,1.4,0.429,1.3,2.2,0.581,0.606,0.9,1.4,0.667,0.4,1.9,2.3,0.4,0.6,0.6,0.4,1.6,5.2
Marquese Chriss,1824003.0,PF,22,GSW,59,21,20.3,3.6,6.5,0.545,0.1,0.7,0.205,3.4,5.9,0.584,0.556,2.0,2.6,0.769,1.9,4.3,6.2,1.9,0.7,1.1,1.3,2.1,9.3
Timothé Luwawu-Cabarrot,1824003.0,SF,24,BRK,47,2,18.1,2.5,5.7,0.435,1.3,3.4,0.3879999999999999,1.2,2.3,0.505,0.55,1.5,1.7,0.852,0.6,2.1,2.7,0.6,0.4,0.1,0.8,2.3,7.8
Georges Niang,1783557.0,PF,26,UTA,66,1,14.0,2.1,4.9,0.4379999999999999,1.4,3.4,0.4,0.8,1.5,0.526,0.578,0.3,0.4,0.833,0.2,1.7,1.9,0.7,0.3,0.1,0.5,1.1,5.9
Rodions Kurucs,1780152.0,PF,21,BRK,47,9,14.6,1.7,3.8,0.446,0.7,1.9,0.367,1.0,1.9,0.529,0.54,0.5,0.8,0.632,0.5,2.4,2.9,1.1,0.5,0.1,1.0,1.9,4.6
Damion Lee,1762796.0,SG,27,GSW,49,36,29.0,4.3,10.4,0.417,1.7,4.9,0.356,2.6,5.6,0.471,0.5,2.2,2.6,0.873,0.7,4.2,4.9,2.7,1.0,0.1,1.4,2.4,12.7
Furkan Korkmaz,1762796.0,SG,22,PHI,72,12,21.7,3.4,7.8,0.43,2.0,4.9,0.402,1.4,2.9,0.478,0.557,1.1,1.4,0.755,0.3,2.1,2.3,1.1,0.6,0.2,0.8,1.4,9.8
Alfonzo McKinnie,1762796.0,SF,27,CLE,40,1,14.8,1.8,4.3,0.427,0.4,1.6,0.215,1.5,2.7,0.557,0.4679999999999999,0.6,0.8,0.71,0.9,1.9,2.8,0.4,0.6,0.2,0.7,1.8,4.6
Abdel Nader,1752950.0,SF,26,OKC,55,6,15.8,2.2,4.8,0.4679999999999999,0.9,2.3,0.375,1.4,2.5,0.556,0.5589999999999999,0.9,1.2,0.773,0.3,1.6,1.8,0.7,0.4,0.4,0.8,1.4,6.3
Semi Ojeleye,1752950.0,PF,25,BOS,69,6,14.7,1.2,2.8,0.408,0.7,1.8,0.3779999999999999,0.5,1.0,0.4639999999999999,0.531,0.4,0.5,0.875,0.4,1.7,2.1,0.5,0.3,0.1,0.3,1.2,3.4
Damian Jones,1737145.0,C,24,ATL,55,27,16.1,2.2,3.2,0.68,0.0,0.2,0.222,2.2,3.1,0.7040000000000001,0.685,1.1,1.5,0.738,1.3,2.4,3.7,0.6,0.5,0.7,0.5,2.7,5.6
DeAndre' Bembry,1737145.0,SG,25,ATL,43,4,21.3,2.4,5.3,0.456,0.3,1.5,0.231,2.1,3.8,0.546,0.489,0.6,1.1,0.542,0.8,2.7,3.5,1.9,1.3,0.4,1.4,2.0,5.8
Henry Ellenson,1737145.0,C,23,BRK,5,0,3.0,0.2,1.4,0.143,0.0,0.8,0.0,0.2,0.6,0.3329999999999999,0.143,0.0,0.0,0.0,0.4,0.8,1.2,0.2,0.0,0.0,0.0,0.2,0.4
Willy Hernangómez,1727145.0,C,25,CHO,31,0,12.1,2.4,4.5,0.532,0.2,0.7,0.2269999999999999,2.2,3.8,0.59,0.55,1.2,1.9,0.627,1.4,2.9,4.3,0.9,0.3,0.2,1.0,1.0,6.1
Shake Milton,1701593.0,SG,23,PHI,40,24,20.1,3.4,6.9,0.484,1.5,3.4,0.43,1.9,3.6,0.535,0.588,1.3,1.6,0.785,0.4,1.8,2.2,2.6,0.5,0.2,1.2,2.3,9.4
Thanasis Antetokounmpo,1701593.0,SF,27,MIL,20,2,6.5,1.2,2.4,0.5,0.0,0.5,0.0,1.2,1.9,0.632,0.5,0.4,0.9,0.412,0.6,0.6,1.2,0.8,0.4,0.1,0.6,0.9,2.8
Brandon Goodwin,1701593.0,PG,24,ATL,34,1,12.6,2.2,5.6,0.4,0.8,2.6,0.299,1.5,3.0,0.485,0.4679999999999999,0.8,0.9,0.933,0.3,1.8,2.1,1.5,0.4,0.1,0.9,1.3,6.1
Wesley Iwundu,1678854.0,SF,25,ORL,52,21,18.3,1.9,4.5,0.416,0.5,1.6,0.341,1.3,2.9,0.457,0.476,1.5,1.9,0.804,0.5,2.1,2.5,1.2,0.5,0.3,0.5,1.5,5.8
Harry Giles,1678854.0,C,21,SAC,46,17,14.5,3.0,5.5,0.5539999999999999,0.0,0.0,0.0,3.0,5.4,0.5579999999999999,0.5539999999999999,0.8,1.1,0.7759999999999999,0.9,3.2,4.1,1.3,0.5,0.4,1.0,2.6,6.9
Dwayne Bacon,1678854.0,SG,24,CHO,39,11,17.6,2.2,6.3,0.348,0.5,1.7,0.284,1.7,4.5,0.373,0.387,0.9,1.4,0.66,0.4,2.2,2.6,1.3,0.6,0.1,0.9,1.3,5.7
Sindarius Thornwell,1678854.0,SF,25,NOP,2,0,17.5,3.0,5.5,0.545,1.0,2.0,0.5,2.0,3.5,0.5710000000000001,0.636,1.0,2.0,0.5,0.0,2.0,2.0,2.0,0.5,0.5,1.0,1.0,8.0
Torrey Craig,1678854.0,SF,29,DEN,58,27,18.5,2.1,4.6,0.461,0.8,2.4,0.326,1.4,2.3,0.603,0.545,0.4,0.6,0.611,1.1,2.2,3.3,0.8,0.4,0.6,0.4,2.3,5.4
Sterling Brown,1678854.0,SF,24,MIL,52,1,14.8,1.8,4.9,0.371,0.8,2.6,0.324,1.0,2.3,0.425,0.457,0.6,0.8,0.8,0.6,2.9,3.5,1.0,0.6,0.1,0.8,1.0,5.1
Shaquille Harrison,1678854.0,SG,26,CHI,43,10,11.3,1.8,3.8,0.467,0.4,1.0,0.381,1.4,2.9,0.496,0.515,0.9,1.2,0.78,0.5,1.5,2.0,1.1,0.8,0.4,0.4,1.3,4.9
Monte Morris,1663861.0,PG,24,DEN,73,12,22.4,3.6,7.8,0.4589999999999999,0.9,2.4,0.3779999999999999,2.7,5.4,0.495,0.517,1.0,1.2,0.843,0.3,1.5,1.9,3.5,0.8,0.2,0.7,1.0,9.0
Gary Trent Jr.,1663861.0,SF,21,POR,61,8,21.8,3.2,7.2,0.444,1.8,4.4,0.418,1.4,2.8,0.486,0.5710000000000001,0.6,0.7,0.8220000000000001,0.4,1.2,1.6,1.0,0.8,0.3,0.3,1.5,8.9
Hamidou Diallo,1663861.0,SF,21,OKC,46,3,19.5,2.9,6.4,0.446,0.3,1.2,0.281,2.5,5.2,0.485,0.473,0.8,1.4,0.603,1.0,2.7,3.6,0.8,0.8,0.2,1.1,2.2,6.9
Mitchell Robinson,1663861.0,C,21,NYK,61,7,23.1,4.1,5.6,0.742,0.0,0.0,0.0,4.1,5.6,0.742,0.742,1.4,2.4,0.568,3.0,4.0,7.0,0.6,0.9,2.0,0.6,3.2,9.7
Kendrick Nunn,1663861.0,PG,24,MIA,67,67,29.3,6.0,13.6,0.439,2.0,5.8,0.35,3.9,7.8,0.505,0.514,1.3,1.5,0.85,0.3,2.4,2.7,3.3,0.8,0.2,1.7,2.3,15.3
Duncan Robinson,1663861.0,SG,25,MIA,73,68,29.7,4.4,9.4,0.47,3.7,8.3,0.446,0.7,1.1,0.654,0.667,0.9,1.0,0.931,0.1,3.0,3.2,1.4,0.5,0.3,1.0,2.6,13.5
Sviatoslav Mykhailiuk,1663861.0,SF,22,DET,56,27,22.6,3.0,7.2,0.41,2.1,5.1,0.4039999999999999,0.9,2.1,0.425,0.552,1.0,1.3,0.8140000000000001,0.3,1.6,1.9,1.9,0.7,0.1,1.1,1.6,9.0
Jalen Brunson,1663861.0,PG,23,DAL,57,16,17.9,3.2,6.8,0.466,0.8,2.1,0.358,2.4,4.7,0.515,0.522,1.1,1.3,0.813,0.4,2.0,2.4,3.3,0.4,0.1,1.2,1.3,8.2
Isaac Bonga,1663861.0,SF,20,WAS,66,49,18.9,1.8,3.5,0.504,0.4,1.1,0.352,1.4,2.5,0.5710000000000001,0.5579999999999999,1.0,1.3,0.812,1.1,2.3,3.4,1.2,0.7,0.3,0.9,2.4,5.0
Melvin Frazier,1663861.0,SG,23,ORL,19,0,6.6,0.8,1.8,0.441,0.4,0.8,0.5,0.4,0.9,0.389,0.5589999999999999,0.1,0.2,0.5,0.1,0.4,0.5,0.2,0.5,0.1,0.3,0.6,2.1
Jarred Vanderbilt,1663861.0,PF,20,TOT,11,0,4.2,0.5,0.7,0.625,0.0,0.1,0.0,0.5,0.6,0.7140000000000001,0.625,0.2,0.2,1.0,0.3,0.5,0.8,0.2,0.3,0.1,0.6,0.5,1.1
Devonte' Graham,1663861.0,PG,24,CHO,63,53,35.1,5.8,15.3,0.382,3.5,9.3,0.373,2.4,6.0,0.397,0.495,3.0,3.7,0.82,0.7,2.7,3.4,7.5,1.0,0.2,2.9,1.8,18.2
Bruce Brown,1663861.0,PG,23,DET,58,43,28.2,3.4,7.7,0.4429999999999999,0.6,1.7,0.344,2.8,6.1,0.47,0.48,1.5,2.1,0.7390000000000001,1.1,3.7,4.7,4.0,1.1,0.5,1.7,2.8,8.9
Drew Eubanks,1620564.0,C,22,SAS,22,3,12.4,2.0,3.0,0.642,0.0,0.0,1.0,1.9,3.0,0.636,0.649,0.9,1.2,0.769,1.3,2.6,3.9,0.7,0.2,0.8,1.0,1.7,4.9
Josh Gray,1620564.0,PG,26,NOP,2,0,11.5,0.5,1.0,0.5,0.0,0.0,0.0,0.5,1.0,0.5,0.5,0.0,0.0,0.0,0.5,0.5,1.0,1.0,0.0,0.0,2.5,0.5,1.0
Wenyen Gabriel,1620564.0,PF,22,TOT,30,1,7.8,0.7,1.6,0.4379999999999999,0.2,0.7,0.3,0.5,0.9,0.536,0.5,0.5,0.7,0.682,0.7,1.0,1.7,0.3,0.4,0.2,0.5,1.3,2.1
Terance Mann,1517984.0,SF,23,LAC,41,6,8.8,0.9,1.9,0.4679999999999999,0.2,0.5,0.35,0.7,1.4,0.508,0.513,0.4,0.7,0.667,0.2,1.1,1.3,1.3,0.3,0.1,0.4,1.1,2.4
Admiral Schofield,1517981.0,PF,22,WAS,33,2,11.2,1.1,2.8,0.38,0.6,1.8,0.311,0.5,0.9,0.516,0.484,0.3,0.5,0.667,0.2,1.2,1.4,0.5,0.2,0.1,0.2,1.5,3.0
KZ Okpala,1517981.0,PF,20,MIA,5,0,5.2,0.6,1.0,0.6,0.0,0.2,0.0,0.6,0.8,0.75,0.6,0.2,0.4,0.5,0.2,0.8,1.0,0.2,0.4,0.2,0.2,0.4,1.4
Eric Paschall,1517981.0,PF,23,GSW,60,26,27.6,5.3,10.7,0.497,0.6,2.2,0.287,4.7,8.5,0.55,0.526,2.7,3.5,0.774,1.4,3.2,4.6,2.1,0.5,0.2,1.6,2.1,14.0
Cody Martin,1517981.0,SF,24,CHO,48,3,18.8,1.9,4.3,0.43,0.4,1.6,0.2339999999999999,1.5,2.7,0.546,0.473,0.9,1.4,0.6459999999999999,0.8,2.5,3.3,2.0,0.8,0.2,0.9,1.6,5.0
Nicolas Claxton,1517981.0,C,20,BRK,15,0,12.5,1.8,3.2,0.563,0.1,0.5,0.143,1.7,2.7,0.634,0.573,0.7,1.4,0.524,1.3,1.7,2.9,1.1,0.1,0.5,0.6,0.9,4.4
Carsen Edwards,1517981.0,SG,21,BOS,37,0,9.5,1.1,3.5,0.3279999999999999,0.6,2.1,0.316,0.5,1.4,0.346,0.422,0.4,0.5,0.684,0.2,1.1,1.3,0.6,0.3,0.1,0.4,0.9,3.3
Bruno Fernando,1517981.0,C,21,ATL,56,13,12.7,1.8,3.6,0.518,0.1,0.7,0.135,1.8,2.9,0.605,0.53,0.5,0.9,0.569,1.2,2.3,3.5,0.9,0.3,0.3,0.8,1.9,4.3
Luguentz Dort,1517981.0,SF,20,OKC,36,28,22.8,2.4,6.1,0.3939999999999999,0.8,2.8,0.297,1.6,3.3,0.479,0.4629999999999999,1.2,1.5,0.792,0.7,1.6,2.3,0.8,0.9,0.1,0.6,2.7,6.8
Justin James,1517981.0,SF,23,SAC,36,0,6.4,1.0,2.3,0.417,0.3,0.8,0.31,0.7,1.5,0.473,0.47,0.3,0.6,0.476,0.2,0.7,0.9,0.5,0.2,0.3,0.2,0.5,2.5
Isaiah Roby,1517981.0,PF,21,OKC,3,0,3.7,0.0,0.3,0.0,0.0,0.0,0.0,0.0,0.3,0.0,0.0,0.0,0.0,0.0,0.0,0.7,0.7,0.0,0.0,0.0,0.3,0.3,0.0
Ignas Brazdeikis,1517981.0,SF,21,NYK,9,0,5.9,0.7,2.4,0.273,0.1,1.0,0.111,0.6,1.4,0.385,0.295,0.4,0.6,0.8,0.2,0.3,0.6,0.4,0.0,0.1,0.2,0.3,1.9
Chris Silva,1517981.0,PF,23,MIA,44,0,7.9,1.1,1.8,0.615,0.0,0.1,0.0,1.1,1.7,0.64,0.615,0.8,1.3,0.6729999999999999,1.4,1.5,2.9,0.5,0.2,0.5,0.7,1.9,3.0
Talen Horton-Tucker,1517981.0,SG,19,LAL,6,1,13.5,2.3,5.0,0.467,0.7,2.2,0.308,1.7,2.8,0.588,0.5329999999999999,0.3,0.7,0.5,0.3,0.8,1.2,1.0,1.3,0.2,1.0,1.7,5.7
Jalen Lecque,1517981.0,SG,19,PHO,5,0,6.4,0.8,2.0,0.4,0.0,0.8,0.0,0.8,1.2,0.667,0.4,0.4,0.4,1.0,0.0,0.4,0.4,0.4,0.0,0.0,0.4,0.6,2.0
Daniel Gafford,1517981.0,C,21,CHI,43,7,14.2,2.2,3.1,0.701,0.0,0.0,0.0,2.2,3.1,0.701,0.701,0.7,1.4,0.5329999999999999,1.2,1.3,2.5,0.5,0.3,1.3,0.7,2.3,5.1
Alen Smailagić,1517981.0,C,19,GSW,14,0,9.9,1.4,2.9,0.5,0.2,0.9,0.231,1.2,1.9,0.63,0.5379999999999999,1.1,1.4,0.8420000000000001,0.7,1.2,1.9,0.9,0.2,0.3,0.8,1.0,4.2
Matt Thomas,1517981.0,SG,25,TOR,41,1,10.7,1.8,3.7,0.487,1.1,2.4,0.475,0.6,1.2,0.51,0.643,0.2,0.3,0.75,0.2,1.3,1.5,0.5,0.2,0.0,0.4,0.9,4.9
Miye Oni,1517981.0,SF,22,UTA,10,1,10.9,1.2,3.2,0.375,0.7,1.9,0.368,0.5,1.3,0.385,0.484,0.4,0.5,0.8,0.5,1.2,1.7,0.4,0.4,0.2,0.4,0.9,3.5
Terence Davis,1517981.0,SG,22,TOR,72,4,16.8,2.8,6.1,0.456,1.3,3.4,0.3879999999999999,1.5,2.7,0.541,0.564,0.7,0.8,0.8640000000000001,0.7,2.6,3.3,1.6,0.5,0.2,1.1,1.7,7.5
Naz Reid,1517981.0,C,20,MIN,30,11,16.5,3.3,8.1,0.412,1.1,3.2,0.33,2.3,4.9,0.466,0.477,1.2,1.8,0.698,1.1,3.0,4.1,1.2,0.6,0.7,0.7,2.8,9.0
Jaylen Nowell,1517981.0,SG,20,MIN,15,0,10.1,1.3,3.5,0.358,0.2,1.7,0.115,1.1,1.8,0.593,0.387,1.1,1.1,0.941,0.2,0.7,0.9,1.3,0.2,0.1,0.2,0.7,3.8
Chris Clemons,1517981.0,SG,22,HOU,33,0,8.8,1.7,4.3,0.401,1.1,3.2,0.346,0.6,1.1,0.5710000000000001,0.532,0.3,0.3,0.909,0.1,0.8,0.9,0.8,0.3,0.2,0.6,0.8,4.9
Mychal Mulder,1517981.0,SF,25,GSW,7,3,29.1,3.7,9.6,0.3879999999999999,2.3,7.4,0.308,1.4,2.1,0.667,0.507,1.3,1.7,0.75,0.4,2.9,3.3,1.1,0.3,0.1,0.7,2.9,11.0
Dean Wade,1517981.0,PF,23,CLE,12,0,5.9,0.8,1.1,0.6920000000000001,0.2,0.3,0.5,0.6,0.8,0.778,0.769,0.0,0.1,0.0,0.3,1.3,1.6,0.2,0.2,0.3,0.3,0.7,1.7
Jalen McDaniels,1517981.0,SF,22,CHO,16,0,18.3,2.1,4.4,0.471,0.6,1.5,0.375,1.5,2.9,0.522,0.536,0.9,1.1,0.8240000000000001,0.9,3.1,4.1,0.8,0.5,0.2,0.7,2.3,5.6
Caleb Martin,1517981.0,SF,24,CHO,18,1,17.6,2.1,4.7,0.44,1.1,2.1,0.541,0.9,2.6,0.362,0.56,0.9,1.2,0.81,0.6,1.6,2.1,1.3,0.7,0.4,0.8,1.8,6.2
Javonte Green,1517981.0,SG,26,BOS,48,2,9.8,1.3,2.6,0.5,0.2,0.7,0.273,1.1,1.9,0.581,0.536,0.6,0.9,0.667,0.5,1.4,1.9,0.5,0.5,0.2,0.5,0.9,3.4
J.R. Smith,1456667.0,SG,34,LAL,6,0,13.2,1.2,3.7,0.318,0.2,1.8,0.091,1.0,1.8,0.545,0.341,0.3,0.3,1.0,0.0,0.8,0.8,0.5,0.2,0.0,0.7,0.8,2.8
DaQuan Jeffries,1445697.0,SG,22,SAC,13,0,10.8,1.5,3.1,0.5,0.4,1.4,0.278,1.2,1.7,0.682,0.563,0.4,0.5,0.833,0.2,1.2,1.4,0.5,0.3,0.1,0.2,1.5,3.8
Zylan Cheatham,1445697.0,PF,24,NOP,4,0,12.8,1.5,2.3,0.667,0.0,0.3,0.0,1.5,2.0,0.75,0.667,0.0,0.0,0.0,0.8,1.5,2.3,0.8,0.3,0.3,1.0,2.5,3.0
Isaiah Hartenstein,1445697.0,C,21,HOU,23,2,11.6,1.9,2.9,0.657,0.0,0.2,0.0,1.9,2.7,0.71,0.657,0.8,1.2,0.679,1.3,2.7,3.9,0.8,0.4,0.5,0.7,1.8,4.7
Kelan Martin,1445697.0,SF,24,MIN,31,4,16.0,2.3,5.8,0.392,0.8,3.1,0.26,1.5,2.7,0.541,0.461,1.0,1.0,0.968,0.4,2.7,3.1,0.7,0.2,0.3,0.6,1.6,6.4
Paul Watson,1445697.0,SF,25,TOT,10,0,8.7,1.0,2.6,0.385,0.4,1.2,0.3329999999999999,0.6,1.4,0.429,0.462,0.7,0.9,0.778,0.2,1.5,1.7,0.8,0.4,0.1,0.3,0.5,3.1
Oshae Brissett,1445697.0,SF,21,TOR,19,0,7.1,0.7,1.9,0.361,0.2,0.8,0.2,0.5,1.1,0.476,0.4029999999999999,0.4,0.5,0.8,0.5,0.9,1.4,0.4,0.2,0.1,0.4,0.9,1.9
Quinn Cook,1000000.0,PG,26,LAL,44,1,11.5,2.1,4.9,0.425,0.7,1.9,0.365,1.4,2.9,0.465,0.498,0.3,0.3,0.7859999999999999,0.3,0.9,1.2,1.1,0.3,0.0,0.8,0.6,5.1
Vlatko Čančar,898310.0,PF,22,DEN,14,0,3.2,0.4,1.1,0.4,0.1,0.4,0.1669999999999999,0.4,0.6,0.556,0.433,0.3,0.3,1.0,0.4,0.4,0.7,0.2,0.1,0.1,0.2,0.5,1.2
Khyri Thomas,744684.0,SG,23,DET,8,0,7.6,0.6,2.1,0.294,0.6,1.8,0.357,0.0,0.4,0.0,0.441,0.3,0.5,0.5,0.1,0.0,0.1,0.4,0.4,0.0,0.4,1.1,2.1
Rayjon Tucker,340000.0,SG,22,UTA,20,0,8.1,1.0,2.2,0.465,0.2,0.9,0.176,0.9,1.3,0.654,0.5,1.0,1.2,0.826,0.2,0.9,1.0,0.3,0.1,0.1,0.4,0.5,3.1
Frank Jackson,,PG,21,NOP,59,2,13.5,2.3,5.6,0.405,0.8,2.4,0.326,1.5,3.2,0.465,0.476,0.9,1.3,0.747,0.4,1.0,1.4,1.0,0.3,0.1,0.8,1.3,6.3
Chimezie Metu,,C,22,SAS,18,0,5.8,1.3,2.3,0.5710000000000001,0.0,0.1,0.0,1.3,2.2,0.6,0.5710000000000001,0.6,0.7,0.769,0.7,1.2,1.8,0.6,0.2,0.3,0.6,0.4,3.2
